,Date,Address,Species,Block,Street,Trap,AddressNumberAndStreet,Latitude,Longitude,AddressAccuracy,NumMosquitos,WnvPresent,within3km
0,2013-09-06,"4100 North Oak Park Avenue, Chicago, IL 60634, USA",CULEX PIPIENS/RESTUANS,41, N OAK PARK AVE,T002,"4100  N OAK PARK AVE, Chicago, IL",41.95469,-87.800991,9,50,0,
1,2013-09-06,"4100 North Oak Park Avenue, Chicago, IL 60634, USA",CULEX PIPIENS/RESTUANS,41, N OAK PARK AVE,T002,"4100  N OAK PARK AVE, Chicago, IL",41.95469,-87.800991,9,3,0,
2,2013-09-06,"4100 North Oak Park Avenue, Chicago, IL 60634, USA",CULEX PIPIENS,41, N OAK PARK AVE,T002,"4100  N OAK PARK AVE, Chicago, IL",41.95469,-87.800991,9,37,0,
3,2013-09-06,"2500 West Grand Avenue, Chicago, IL 60654, USA",CULEX PIPIENS,25, W GRAND AVE,T046,"2500  W GRAND AVE, Chicago, IL",41.891118,-87.654491,8,15,0,
4,2013-09-06,"1100 Roosevelt Road, Chicago, IL 60608, USA",CULEX PIPIENS/RESTUANS,11, W ROOSEVELT,T048,"1100  W ROOSEVELT, Chicago, IL",41.867108,-87.654224,8,24,0,
5,2013-09-06,"1100 Roosevelt Road, Chicago, IL 60608, USA",CULEX PIPIENS,11, W ROOSEVELT,T048,"1100  W ROOSEVELT, Chicago, IL",41.867108,-87.654224,8,12,0,
6,2013-09-06,"1100 West Chicago Avenue, Chicago, IL 60642, USA",CULEX PIPIENS/RESTUANS,11, W CHICAGO,T049,"1100  W CHICAGO, Chicago, IL",41.896282,-87.655232,8,4,0,
7,2013-09-06,"1100 West Chicago Avenue, Chicago, IL 60642, USA",CULEX PIPIENS,11, W CHICAGO,T049,"1100  W CHICAGO, Chicago, IL",41.896282,-87.655232,8,5,0,
8,2013-09-06,"2200 North Cannon Drive, Chicago, IL 60614, USA",CULEX PIPIENS/RESTUANS,22, N CANNON DR,T054,"2200  N CANNON DR, Chicago, IL",41.921965,-87.632085,8,4,0,
9,2013-09-06,"2200 North Cannon Drive, Chicago, IL 60614, USA",CULEX PIPIENS/RESTUANS,22, N CANNON DR,T054,"2200  N CANNON DR, Chicago, IL",41.921965,-87.632085,8,50,1,
10,2013-09-06,"2200 North Cannon Drive, Chicago, IL 60614, USA",CULEX RESTUANS,22, N CANNON DR,T054,"2200  N CANNON DR, Chicago, IL",41.921965,-87.632085,8,5,0,
11,2013-09-06,"2200 North Cannon Drive, Chicago, IL 60614, USA",CULEX PIPIENS,22, N CANNON DR,T054,"2200  N CANNON DR, Chicago, IL",41.921965,-87.632085,8,50,1,
12,2013-09-06,"2200 North Cannon Drive, Chicago, IL 60614, USA",CULEX PIPIENS,22, N CANNON DR,T054,"2200  N CANNON DR, Chicago, IL",41.921965,-87.632085,8,20,1,
13,2013-09-06,"1700 West 95th Street, Chicago, IL 60643, USA",CULEX PIPIENS/RESTUANS,17, W 95TH ST,T094,"1700  W 95TH ST, Chicago, IL",41.720848,-87.666014,9,15,0,
14,2013-09-06,"1700 West 95th Street, Chicago, IL 60643, USA",CULEX PIPIENS,17, W 95TH ST,T094,"1700  W 95TH ST, Chicago, IL",41.720848,-87.666014,9,16,0,
15,2013-09-06,"8900 South Carpenter Street, Chicago, IL 60620, USA",CULEX PIPIENS/RESTUANS,89, S CARPENTER ST,T159,"8900  S CARPENTER ST, Chicago, IL",41.732984,-87.649642,8,19,0,
16,2013-09-06,"8900 South Carpenter Street, Chicago, IL 60620, USA",CULEX PIPIENS,89, S CARPENTER ST,T159,"8900  S CARPENTER ST, Chicago, IL",41.732984,-87.649642,8,49,0,
17,2013-09-06,"3600 North Pittsburgh Avenue, Chicago, IL 60634, USA",CULEX PIPIENS/RESTUANS,36, N PITTSBURGH AVE,T011,"3600  N PITTSBURGH AVE, Chicago, IL",41.944869,-87.832763,8,2,0,
18,2013-09-06,"3600 North Pittsburgh Avenue, Chicago, IL 60634, USA",CULEX RESTUANS,36, N PITTSBURGH AVE,T011,"3600  N PITTSBURGH AVE, Chicago, IL",41.944869,-87.832763,8,1,0,
19,2013-09-06,"3600 North Pittsburgh Avenue, Chicago, IL 60634, USA",CULEX PIPIENS,36, N PITTSBURGH AVE,T011,"3600  N PITTSBURGH AVE, Chicago, IL",41.944869,-87.832763,8,16,0,
20,2013-09-06,"5000 South Central Avenue, Chicago, IL 60638, USA",CULEX PIPIENS/RESTUANS,50, S CENTRAL AVE,T031,"5000  S CENTRAL AVE, Chicago, IL",41.801498,-87.763416,9,18,0,
21,2013-09-06,"5000 South Central Avenue, Chicago, IL 60638, USA",CULEX PIPIENS,50, S CENTRAL AVE,T031,"5000  S CENTRAL AVE, Chicago, IL",41.801498,-87.763416,9,41,0,
22,2013-09-06,"1400 North Sacramento Avenue, Chicago, IL 60622, USA",CULEX PIPIENS/RESTUANS,14, N HUMBOLDT DR,T033,"1400  N HUMBOLDT DR, Chicago, IL",41.906638,-87.701431,9,27,0,
23,2013-09-06,"1400 North Sacramento Avenue, Chicago, IL 60622, USA",CULEX PIPIENS,14, N HUMBOLDT DR,T033,"1400  N HUMBOLDT DR, Chicago, IL",41.906638,-87.701431,9,32,1,
24,2013-09-06,"1400 North Sacramento Avenue, Chicago, IL 60622, USA",CULEX PIPIENS,14, N HUMBOLDT DR,T033,"1400  N HUMBOLDT DR, Chicago, IL",41.906638,-87.701431,9,50,0,
25,2013-09-06,"South Vincennes Avenue, Chicago, IL, USA",CULEX RESTUANS,10, S VINCENNES,T089,"1000  S VINCENNES, Chicago, IL",41.723195,-87.64997,5,10,0,
26,2013-09-06,"University of Illinois at Chicago, 1100 South Ashland Avenue, Chicago, IL 60607, USA",CULEX PIPIENS/RESTUANS,11, S ASHLAND AVE,T090,"1100  S ASHLAND AVE, Chicago, IL",41.868077,-87.666901,9,14,0,
27,2013-09-06,"4200 West 127th Street, Alsip, IL 60803, USA",CULEX PIPIENS/RESTUANS,42, W 127TH PL,T135,"4200  W 127TH PL, Chicago, IL",41.662014,-87.724608,8,4,0,
28,2013-09-06,"4200 West 127th Street, Alsip, IL 60803, USA",CULEX PIPIENS,42, W 127TH PL,T135,"4200  W 127TH PL, Chicago, IL",41.662014,-87.724608,8,4,0,
29,2013-09-06,"Chicago, IL, USA",CULEX PIPIENS/RESTUANS,43, N ASHLAND AVE OVERPASS,T145,"4300  N ASHLAND AVE OVERPASS, Chicago, IL",41.878114,-87.629798,3,10,0,
30,2013-09-06,"Chicago, IL, USA",CULEX PIPIENS,43, N ASHLAND AVE OVERPASS,T145,"4300  N ASHLAND AVE OVERPASS, Chicago, IL",41.878114,-87.629798,3,27,0,
31,2013-09-06,"7000 West Armitage Avenue, Chicago, IL 60707, USA",CULEX PIPIENS/RESTUANS,70,  W ARMITAGE AVENUE,T151,"7000   W ARMITAGE AVENUE, Chicago, IL",41.916265,-87.800515,8,18,0,
32,2013-09-06,"7000 West Armitage Avenue, Chicago, IL 60707, USA",CULEX PIPIENS,70,  W ARMITAGE AVENUE,T151,"7000   W ARMITAGE AVENUE, Chicago, IL",41.916265,-87.800515,8,13,1,
33,2013-09-06,"2500 South Millard Avenue, Chicago, IL 60623, USA",CULEX PIPIENS/RESTUANS,25, S MILLARD AVE,T152,"2500  S MILLARD AVE, Chicago, IL",41.846075,-87.716277,9,3,0,
34,2013-09-06,"2500 South Millard Avenue, Chicago, IL 60623, USA",CULEX PIPIENS,25, S MILLARD AVE,T152,"2500  S MILLARD AVE, Chicago, IL",41.846075,-87.716277,9,12,0,
35,2013-09-06,"3500 West 116th Street, Chicago, IL 60655, USA",CULEX PIPIENS/RESTUANS,35, W 116TH ST,T158,"3500  W 116TH ST, Chicago, IL",41.682587,-87.707973,9,22,0,
36,2013-09-06,"3500 West 116th Street, Chicago, IL 60655, USA",CULEX PIPIENS,35, W 116TH ST,T158,"3500  W 116TH ST, Chicago, IL",41.682587,-87.707973,9,10,0,
37,2013-09-06,"4500 North Campbell Avenue, Chicago, IL 60625, USA",CULEX PIPIENS/RESTUANS,45, N CAMPBELL AVE,T220,"4500  N CAMPBELL AVE, Chicago, IL",41.963976,-87.69181,9,32,0,
38,2013-09-06,"4500 North Campbell Avenue, Chicago, IL 60625, USA",CULEX PIPIENS/RESTUANS,45, N CAMPBELL AVE,T220,"4500  N CAMPBELL AVE, Chicago, IL",41.963976,-87.69181,9,50,1,
39,2013-09-06,"4600 Milwaukee Avenue, Chicago, IL 60630, USA",CULEX PIPIENS/RESTUANS,46, N MILWAUKEE AVE,T003,"4600  N MILWAUKEE AVE, Chicago, IL",41.964242,-87.757639,8,35,1,
40,2013-09-06,"4600 Milwaukee Avenue, Chicago, IL 60630, USA",CULEX PIPIENS,46, N MILWAUKEE AVE,T003,"4600  N MILWAUKEE AVE, Chicago, IL",41.964242,-87.757639,8,13,0,
41,2013-09-06,"7000 North Moselle Avenue, Chicago, IL 60646, USA",CULEX PIPIENS/RESTUANS,70, N MOSELL AVE,T008,"7000  N MOSELL AVE, Chicago, IL",42.008314,-87.777921,9,6,0,
42,2013-09-06,"7000 North Moselle Avenue, Chicago, IL 60646, USA",CULEX PIPIENS,70, N MOSELL AVE,T008,"7000  N MOSELL AVE, Chicago, IL",42.008314,-87.777921,9,16,0,
43,2013-09-06,"6100 North Lemont Avenue, Chicago, IL 60646, USA",CULEX PIPIENS/RESTUANS,61, N LEMONT AVE,T012,"6100  N LEMONT AVE, Chicago, IL",41.991429,-87.747113,8,1,0,
44,2013-09-06,"3000 West 18th Street, Chicago, IL 60608, USA",CULEX PIPIENS/RESTUANS,30, W 18TH ST,T043,"3000  W 18TH ST, Chicago, IL",41.857402,-87.694991,8,1,0,
45,2013-09-06,"3000 West 18th Street, Chicago, IL 60608, USA",CULEX PIPIENS,30, W 18TH ST,T043,"3000  W 18TH ST, Chicago, IL",41.857402,-87.694991,8,3,0,
46,2013-09-06,"1100 South California Avenue, Chicago, IL 60612, USA",CULEX PIPIENS/RESTUANS,11, S CALIFORNIA,T047,"1100  S CALIFORNIA, Chicago, IL",41.868142,-87.696269,9,19,0,
47,2013-09-06,"1100 South California Avenue, Chicago, IL 60612, USA",CULEX RESTUANS,11, S CALIFORNIA,T047,"1100  S CALIFORNIA, Chicago, IL",41.868142,-87.696269,9,13,0,
48,2013-09-06,"6100 West Fullerton Avenue, Chicago, IL 60639, USA",CULEX PIPIENS/RESTUANS,61, W FULLERTON AVE,T013,"6100  W FULLERTON AVE, Chicago, IL",41.923738,-87.785288,9,36,1,
49,2013-09-06,"1200 West Greenleaf Avenue, Chicago, IL 60626, USA",CULEX PIPIENS/RESTUANS,12, W GREENLEAF AVE,T018,"1200  W GREENLEAF AVE, Chicago, IL",42.010412,-87.66214,8,2,0,
50,2013-09-06,"1000 North Central Park Avenue, Chicago, IL 60651, USA",CULEX PIPIENS/RESTUANS,10, N CENTRAL PARK DR,T030,"1000  N CENTRAL PARK DR, Chicago, IL",41.89923,-87.716788,9,24,0,
51,2013-09-06,"1000 North Central Park Avenue, Chicago, IL 60651, USA",CULEX PIPIENS,10, N CENTRAL PARK DR,T030,"1000  N CENTRAL PARK DR, Chicago, IL",41.89923,-87.716788,9,45,1,
52,2013-09-06,"6000 West Montrose Avenue, Chicago, IL 60634, USA",CULEX PIPIENS/RESTUANS,60, W MONTROSE DR,T017,"6000  W MONTROSE DR, Chicago, IL",41.960616,-87.777189,9,8,0,
53,2013-09-06,"6000 West Montrose Avenue, Chicago, IL 60634, USA",CULEX PIPIENS,60, W MONTROSE DR,T017,"6000  W MONTROSE DR, Chicago, IL",41.960616,-87.777189,9,1,0,
54,2013-09-06,"3300 West 104th Street, Chicago, IL 60655, USA",CULEX PIPIENS,33, W 104TH ST,T095,"3300  W 104TH ST, Chicago, IL",41.704336,-87.703736,8,6,0,
55,2013-09-06,"1700 North Pulaski Road, Chicago, IL 60639, USA",CULEX RESTUANS,17, N PULASKI RD,T039,"1700  N PULASKI RD, Chicago, IL",41.911824,-87.726737,9,1,0,
56,2013-09-06,"1700 North Pulaski Road, Chicago, IL 60639, USA",CULEX PIPIENS,17, N PULASKI RD,T039,"1700  N PULASKI RD, Chicago, IL",41.911824,-87.726737,9,27,0,
57,2013-09-06,"2200 West 51st Street, Chicago, IL 60609, USA",CULEX PIPIENS/RESTUANS,22, W 51ST ST,T061,"2200  W 51ST ST, Chicago, IL",41.801179,-87.679447,8,13,1,
58,2013-09-06,"2200 West 51st Street, Chicago, IL 60609, USA",CULEX PIPIENS,22, W 51ST ST,T061,"2200  W 51ST ST, Chicago, IL",41.801179,-87.679447,8,17,0,
59,2013-09-06,"3500 West 51st Street, Chicago, IL 60632, USA",CULEX PIPIENS/RESTUANS,35, W 51ST ST,T062,"3500  W 51ST ST, Chicago, IL",41.800737,-87.71188,8,4,0,
60,2013-09-06,"3500 West 51st Street, Chicago, IL 60632, USA",CULEX PIPIENS,35, W 51ST ST,T062,"3500  W 51ST ST, Chicago, IL",41.800737,-87.71188,8,1,0,
61,2013-09-06,"Chicago Midway International Airport (MDW), 5200 West 63rd Street, Chicago, IL 60638, USA",CULEX PIPIENS/RESTUANS,52, W 63RD ST,T065,"5200  W 63RD ST, Chicago, IL",41.778297,-87.752411,9,6,0,
62,2013-09-06,"Chicago Midway International Airport (MDW), 5200 West 63rd Street, Chicago, IL 60638, USA",CULEX PIPIENS,52, W 63RD ST,T065,"5200  W 63RD ST, Chicago, IL",41.778297,-87.752411,9,13,0,
63,2013-09-06,"6700 South Kedzie Avenue, Chicago, IL 60629, USA",CULEX PIPIENS/RESTUANS,67, S KEDZIE AVE,T066,"6700  S KEDZIE AVE, Chicago, IL",41.77166,-87.703047,8,8,0,
64,2013-09-06,"6700 South Kedzie Avenue, Chicago, IL 60629, USA",CULEX PIPIENS,67, S KEDZIE AVE,T066,"6700  S KEDZIE AVE, Chicago, IL",41.77166,-87.703047,8,27,0,
65,2013-09-06,"2200 West 69th Street, Chicago, IL 60636, USA",CULEX PIPIENS/RESTUANS,22, W 69TH ST,T069,"2200  W 69TH ST, Chicago, IL",41.768388,-87.678649,8,17,1,
66,2013-09-06,"2200 West 69th Street, Chicago, IL 60636, USA",CULEX PIPIENS,22, W 69TH ST,T069,"2200  W 69TH ST, Chicago, IL",41.768388,-87.678649,8,13,0,
67,2013-09-06,"1000 East 67th Street, Chicago, IL 60637, USA",CULEX PIPIENS,10, E 67TH ST,T073,"1000  E 67TH ST, Chicago, IL",41.773215,-87.60088,8,12,0,
68,2013-09-06,"3900 South Ashland Avenue, Chicago, IL 60609, USA",CULEX PIPIENS/RESTUANS,39, S ASHLAND AVE,T074,"3900  S ASHLAND AVE, Chicago, IL",41.822536,-87.666343,9,40,0,
69,2013-09-06,"6400 South Stony Island Avenue, Chicago, IL 60637, USA",CULEX PIPIENS/RESTUANS,64, S STONY ISLAND AVE,T077,"6400  S STONY ISLAND AVE, Chicago, IL",41.778748,-87.586427,8,5,0,
70,2013-09-06,"6400 South Stony Island Avenue, Chicago, IL 60637, USA",CULEX PIPIENS,64, S STONY ISLAND AVE,T077,"6400  S STONY ISLAND AVE, Chicago, IL",41.778748,-87.586427,8,1,1,
71,2013-09-06,"7100 South South Shore Drive, Chicago, IL 60649, USA",CULEX PIPIENS,71, S SOUTH SHORE DR,T079,"7100  S SOUTH SHORE DR, Chicago, IL",41.766202,-87.562889,9,2,0,
72,2013-09-06,"7700 South Eberhart Avenue, Chicago, IL 60619, USA",CULEX PIPIENS/RESTUANS,77, S EBERHART AVE,T080,"7700  S EBERHART AVE, Chicago, IL",41.754676,-87.612922,9,15,0,
73,2013-09-06,"7700 South Eberhart Avenue, Chicago, IL 60619, USA",CULEX RESTUANS,77, S EBERHART AVE,T080,"7700  S EBERHART AVE, Chicago, IL",41.754676,-87.612922,9,1,0,
74,2013-09-06,"7700 South Eberhart Avenue, Chicago, IL 60619, USA",CULEX PIPIENS,77, S EBERHART AVE,T080,"7700  S EBERHART AVE, Chicago, IL",41.754676,-87.612922,9,38,0,
75,2013-09-06,"5000 South Union Avenue, Chicago, IL 60609, USA",CULEX PIPIENS,50, S UNION AVE,T082,"5000  S UNION AVE, Chicago, IL",41.803423,-87.642984,8,1,0,
76,2013-09-06,"7900 South South Chicago Avenue, Chicago, IL 60617, USA",CULEX PIPIENS/RESTUANS,79, S CHICAGO AVE,T083,"7900  S CHICAGO AVE, Chicago, IL",41.754292,-87.590773,9,1,0,
77,2013-09-06,"5200 South Kolmar Avenue, Chicago, IL 60632, USA",CULEX PIPIENS/RESTUANS,52, S KOLMAR,T114,"5200  S KOLMAR, Chicago, IL",41.798697,-87.736812,8,25,0,
78,2013-09-06,"5200 South Kolmar Avenue, Chicago, IL 60632, USA",CULEX PIPIENS,52, S KOLMAR,T114,"5200  S KOLMAR, Chicago, IL",41.798697,-87.736812,8,50,0,
79,2013-09-06,"5200 South Kolmar Avenue, Chicago, IL 60632, USA",CULEX PIPIENS,52, S KOLMAR,T114,"5200  S KOLMAR, Chicago, IL",41.798697,-87.736812,8,14,1,
80,2013-09-06,"6300 West 64th Street, Chicago, IL 60638, USA",CULEX PIPIENS,63, W 64TH ST,T155,"6300  W 64TH ST, Chicago, IL",41.776156,-87.778927,9,7,0,
81,2013-09-06,"3700 South Pulaski Road, Chicago, IL 60623, USA",CULEX PIPIENS,37, S PULASKI RD,T063,"3700  S PULASKI RD, Chicago, IL",41.82561,-87.726549,9,9,0,
82,2013-09-06,"3700 South Pulaski Road, Chicago, IL 60623, USA",CULEX PIPIENS,37, S PULASKI RD,T063,"3700  S PULASKI RD, Chicago, IL",41.82561,-87.726549,9,9,0,
83,2013-09-06,"South Doty Avenue, Chicago, IL, USA",CULEX PIPIENS/RESTUANS,12, S DOTY AVE,T115,"1200  S DOTY AVE, Chicago, IL",41.673408,-87.599862,5,22,0,
84,2013-09-06,"South Stony Island Avenue, Chicago, IL, USA",CULEX PIPIENS,10, S STONY ISLAND AVE,T138,"1000  S STONY ISLAND AVE, Chicago, IL",41.726465,-87.585413,5,10,0,
85,2013-09-06,"South Brandon Avenue, Chicago, IL 60617, USA",CULEX PIPIENS,13, S BRANDON,T209,"1300  S BRANDON, Chicago, IL",41.740641,-87.546587,5,31,0,
86,2013-09-06,"3700 118th Street, Chicago, IL 60617, USA",CULEX PIPIENS,37, E 118TH ST,T212,"3700  E 118TH ST, Chicago, IL",41.680946,-87.535198,8,5,0,
87,2013-09-06,"2400 East 105th Street, Chicago, IL 60617, USA",CULEX PIPIENS/RESTUANS,24, E 105TH ST,T128,"2400  E 105TH ST, Chicago, IL",41.704572,-87.565666,8,10,0,
88,2013-09-06,"2400 East 105th Street, Chicago, IL 60617, USA",CULEX RESTUANS,24, E 105TH ST,T128,"2400  E 105TH ST, Chicago, IL",41.704572,-87.565666,8,1,0,
89,2013-09-06,"2400 East 105th Street, Chicago, IL 60617, USA",CULEX PIPIENS,24, E 105TH ST,T128,"2400  E 105TH ST, Chicago, IL",41.704572,-87.565666,8,40,0,
90,2013-09-06,"South Cottage Grove Avenue, Chicago, IL, USA",CULEX PIPIENS/RESTUANS,10, S COTTAGE GROVE,T102,"1000  S COTTAGE GROVE, Chicago, IL",41.750498,-87.605294,5,17,0,
91,2013-09-06,"South Cottage Grove Avenue, Chicago, IL, USA",CULEX RESTUANS,10, S COTTAGE GROVE,T102,"1000  S COTTAGE GROVE, Chicago, IL",41.750498,-87.605294,5,3,0,
92,2013-09-06,"South Cottage Grove Avenue, Chicago, IL, USA",CULEX PIPIENS,10, S COTTAGE GROVE,T102,"1000  S COTTAGE GROVE, Chicago, IL",41.750498,-87.605294,5,6,0,
93,2013-09-06,"5800 North Pulaski Road, Chicago, IL 60646, USA",CULEX PIPIENS/RESTUANS,58, N PULASKI RD,T027,"5800  N PULASKI RD, Chicago, IL",41.984809,-87.728492,8,3,0,
94,2013-09-06,"5800 North Pulaski Road, Chicago, IL 60646, USA",CULEX PIPIENS,58, N PULASKI RD,T027,"5800  N PULASKI RD, Chicago, IL",41.984809,-87.728492,8,19,1,
95,2013-09-06,"4000 East 130th Street, Chicago, IL 60633, USA",CULEX PIPIENS,40, E 130TH ST,T221,"4000  E 130TH ST, Chicago, IL",41.659112,-87.538693,8,12,0,
96,2013-09-06,"9100 West Higgins Road, Rosemont, IL 60018, USA",CULEX PIPIENS/RESTUANS,91, W HIGGINS RD,T009,"9100  W HIGGINS RD, Chicago, IL",41.992478,-87.862995,8,27,0,
97,2013-09-06,"9100 West Higgins Road, Rosemont, IL 60018, USA",CULEX PIPIENS,91, W HIGGINS RD,T009,"9100  W HIGGINS RD, Chicago, IL",41.992478,-87.862995,8,30,1,
98,2013-09-06,"ORD Terminal 5, O'Hare International Airport, Chicago, IL 60666, USA",CULEX PIPIENS/RESTUANS,10, W OHARE AIRPORT,T900,"1000  W OHARE AIRPORT, Chicago, IL",41.974689,-87.890615,9,50,0,
99,2013-09-06,"ORD Terminal 5, O'Hare International Airport, Chicago, IL 60666, USA",CULEX PIPIENS/RESTUANS,10, W OHARE AIRPORT,T900,"1000  W OHARE AIRPORT, Chicago, IL",41.974689,-87.890615,9,44,1,
100,2013-09-06,"ORD Terminal 5, O'Hare International Airport, Chicago, IL 60666, USA",CULEX PIPIENS/RESTUANS,10, W OHARE AIRPORT,T900,"1000  W OHARE AIRPORT, Chicago, IL",41.974689,-87.890615,9,39,1,
101,2013-09-06,"ORD Terminal 5, O'Hare International Airport, Chicago, IL 60666, USA",CULEX PIPIENS/RESTUANS,10, W OHARE AIRPORT,T900,"1000  W OHARE AIRPORT, Chicago, IL",41.974689,-87.890615,9,38,1,
102,2013-09-06,"ORD Terminal 5, O'Hare International Airport, Chicago, IL 60666, USA",CULEX PIPIENS/RESTUANS,10, W OHARE AIRPORT,T900,"1000  W OHARE AIRPORT, Chicago, IL",41.974689,-87.890615,9,50,1,
103,2013-09-06,"ORD Terminal 5, O'Hare International Airport, Chicago, IL 60666, USA",CULEX PIPIENS/RESTUANS,10, W OHARE AIRPORT,T900,"1000  W OHARE AIRPORT, Chicago, IL",41.974689,-87.890615,9,37,0,
104,2013-09-06,"ORD Terminal 5, O'Hare International Airport, Chicago, IL 60666, USA",CULEX PIPIENS/RESTUANS,10, W OHARE AIRPORT,T900,"1000  W OHARE AIRPORT, Chicago, IL",41.974689,-87.890615,9,50,1,
105,2013-09-06,"ORD Terminal 5, O'Hare International Airport, Chicago, IL 60666, USA",CULEX RESTUANS,10, W OHARE AIRPORT,T900,"1000  W OHARE AIRPORT, Chicago, IL",41.974689,-87.890615,9,26,0,
106,2013-09-06,"ORD Terminal 5, O'Hare International Airport, Chicago, IL 60666, USA",CULEX RESTUANS,10, W OHARE AIRPORT,T900,"1000  W OHARE AIRPORT, Chicago, IL",41.974689,-87.890615,9,14,1,
107,2013-09-06,"ORD Terminal 5, O'Hare International Airport, Chicago, IL 60666, USA",CULEX PIPIENS,10, W OHARE AIRPORT,T900,"1000  W OHARE AIRPORT, Chicago, IL",41.974689,-87.890615,9,23,1,
108,2013-09-06,"ORD Terminal 5, O'Hare International Airport, Chicago, IL 60666, USA",CULEX PIPIENS,10, W OHARE AIRPORT,T900,"1000  W OHARE AIRPORT, Chicago, IL",41.974689,-87.890615,9,41,0,
109,2013-09-06,"ORD Terminal 5, O'Hare International Airport, Chicago, IL 60666, USA",CULEX PIPIENS,10, W OHARE AIRPORT,T900,"1000  W OHARE AIRPORT, Chicago, IL",41.974689,-87.890615,9,34,0,
110,2013-09-06,"ORD Terminal 5, O'Hare International Airport, Chicago, IL 60666, USA",CULEX PIPIENS,10, W OHARE AIRPORT,T900,"1000  W OHARE AIRPORT, Chicago, IL",41.974689,-87.890615,9,4,0,
111,2013-09-06,"ORD Terminal 5, O'Hare International Airport, Chicago, IL 60666, USA",CULEX PIPIENS,10, W OHARE AIRPORT,T900,"1000  W OHARE AIRPORT, Chicago, IL",41.974689,-87.890615,9,33,1,
112,2013-09-06,"ORD Terminal 5, O'Hare International Airport, Chicago, IL 60666, USA",CULEX PIPIENS,10, W OHARE AIRPORT,T900,"1000  W OHARE AIRPORT, Chicago, IL",41.974689,-87.890615,9,26,0,
113,2013-09-06,"ORD Terminal 5, O'Hare International Airport, Chicago, IL 60666, USA",CULEX PIPIENS,10, W OHARE AIRPORT,T900,"1000  W OHARE AIRPORT, Chicago, IL",41.974689,-87.890615,9,5,0,
114,2013-09-06,"ORD Terminal 5, O'Hare International Airport, Chicago, IL 60666, USA",CULEX PIPIENS,10, W OHARE AIRPORT,T900,"1000  W OHARE AIRPORT, Chicago, IL",41.974689,-87.890615,9,29,1,
115,2013-09-06,"ORD Terminal 5, O'Hare International Airport, Chicago, IL 60666, USA",CULEX ERRATICUS,10, W OHARE AIRPORT,T900,"1000  W OHARE AIRPORT, Chicago, IL",41.974689,-87.890615,9,7,0,
116,2013-09-06,"Ohare Court, Bensenville, IL 60106, USA",CULEX PIPIENS,10, W OHARE,T903,"1000  W OHARE, Chicago, IL",41.957799,-87.930995,5,20,0,
117,2013-09-06,"4800 West Montana Street, Chicago, IL 60639, USA",CULEX PIPIENS/RESTUANS,48, W MONTANA ST,T222,"4800  W MONTANA ST, Chicago, IL",41.925198,-87.746381,8,5,0,
118,2013-09-06,"5100 North Mont Clare Avenue, Chicago, IL 60656, USA",CULEX PIPIENS/RESTUANS,51, N MONT CLARE AVE,T223,"5100  N MONT CLARE AVE, Chicago, IL",41.973845,-87.805059,9,33,1,
119,2013-09-06,"8200 South Kostner Avenue, Chicago, IL 60652, USA",CULEX PIPIENS/RESTUANS,82, S KOSTNER AVE,T225,"8200  S KOSTNER AVE, Chicago, IL",41.743402,-87.731435,8,5,0,
120,2013-09-06,"8200 South Kostner Avenue, Chicago, IL 60652, USA",CULEX PIPIENS,82, S KOSTNER AVE,T225,"8200  S KOSTNER AVE, Chicago, IL",41.743402,-87.731435,8,13,1,
121,2013-09-06,"East 91st Place, Chicago, IL, USA",CULEX PIPIENS/RESTUANS,65, E 91ST PL,T227,"6500  E 91ST PL, Chicago, IL",41.728495,-87.600963,5,11,0,
122,2013-09-06,"East 91st Place, Chicago, IL, USA",CULEX PIPIENS,65, E 91ST PL,T227,"6500  E 91ST PL, Chicago, IL",41.728495,-87.600963,5,10,0,
123,2013-09-06,"1700 West Addison Street, Chicago, IL 60613, USA",CULEX PIPIENS/RESTUANS,17, W ADDISON ST,T224,"1700  W ADDISON ST, Chicago, IL",41.947227,-87.671457,9,9,0,
124,2013-09-06,"1700 West Addison Street, Chicago, IL 60613, USA",CULEX PIPIENS,17, W ADDISON ST,T224,"1700  W ADDISON ST, Chicago, IL",41.947227,-87.671457,9,4,0,
125,2013-09-06,"West Garfield Boulevard, Chicago, IL, USA",CULEX PIPIENS/RESTUANS,90, W GARFIELD BLVD,T226,"9000  W GARFIELD BLVD, Chicago, IL",41.793818,-87.654234,5,5,0,
126,2013-09-06,"West Garfield Boulevard, Chicago, IL, USA",CULEX RESTUANS,90, W GARFIELD BLVD,T226,"9000  W GARFIELD BLVD, Chicago, IL",41.793818,-87.654234,5,2,0,
127,2013-09-06,"West Garfield Boulevard, Chicago, IL, USA",CULEX PIPIENS,90, W GARFIELD BLVD,T226,"9000  W GARFIELD BLVD, Chicago, IL",41.793818,-87.654234,5,15,0,
128,2013-09-06,"1300 North Laramie Avenue, Chicago, IL 60651, USA",CULEX PIPIENS,13, N LARAMIE AVE,T230,"1300  N LARAMIE AVE, Chicago, IL",41.904194,-87.756155,9,6,0,
129,2013-09-06,"3900 North Springfield Avenue, Chicago, IL 60618, USA",CULEX PIPIENS/RESTUANS,39, N SPRINGFIELD AVE,T228,"3900  N SPRINGFIELD AVE, Chicago, IL",41.951866,-87.725057,8,16,1,
130,2013-09-06,"3900 North Springfield Avenue, Chicago, IL 60618, USA",CULEX RESTUANS,39, N SPRINGFIELD AVE,T228,"3900  N SPRINGFIELD AVE, Chicago, IL",41.951866,-87.725057,8,1,0,
131,2013-09-06,"3900 North Springfield Avenue, Chicago, IL 60618, USA",CULEX PIPIENS,39, N SPRINGFIELD AVE,T228,"3900  N SPRINGFIELD AVE, Chicago, IL",41.951866,-87.725057,8,16,0,
132,2013-09-06,"5100 West 72nd Street, Chicago, IL 60638, USA",CULEX PIPIENS,51, W 72ND ST,T035,"5100  W 72ND ST, Chicago, IL",41.763733,-87.742302,8,31,1,
133,2013-09-06,"5800 North Ridge Avenue, Chicago, IL 60660, USA",CULEX PIPIENS/RESTUANS,58, N RIDGE AVE,T231,"5800  N RIDGE AVE, Chicago, IL",41.98728,-87.666066,8,20,0,
134,2013-09-06,"5800 North Ridge Avenue, Chicago, IL 60660, USA",CULEX PIPIENS,58, N RIDGE AVE,T231,"5800  N RIDGE AVE, Chicago, IL",41.98728,-87.666066,8,2,0,
135,2013-09-06,"1700 North Ashland Avenue, Chicago, IL 60622, USA",CULEX PIPIENS/RESTUANS,17, N ASHLAND AVE,T232,"1700  N ASHLAND AVE, Chicago, IL",41.912563,-87.668055,9,9,0,
136,2013-09-06,"1700 North Ashland Avenue, Chicago, IL 60622, USA",CULEX PIPIENS,17, N ASHLAND AVE,T232,"1700  N ASHLAND AVE, Chicago, IL",41.912563,-87.668055,9,1,0,
137,2013-09-06,"7100 North Harlem Avenue, Chicago, IL 60631, USA",CULEX PIPIENS/RESTUANS,71, N HARLEM AVE,T233,"7100  N HARLEM AVE, Chicago, IL",42.009876,-87.807277,9,15,1,Y
138,2013-09-06,"7100 North Harlem Avenue, Chicago, IL 60631, USA",CULEX PIPIENS,71, N HARLEM AVE,T233,"7100  N HARLEM AVE, Chicago, IL",42.009876,-87.807277,9,18,1,Y
139,2013-09-06,"4200 West 65th Street, Chicago, IL 60621, USA",CULEX PIPIENS,42, W 65TH ST,T235,"4200  W 65TH ST, Chicago, IL",41.776428,-87.627096,8,37,1,
140,2013-09-06,"6200 North Mcclellan Avenue, Chicago, IL 60646, USA",CULEX PIPIENS/RESTUANS,62, N MCCLELLAN AVE,T236,"6200  N MCCLELLAN AVE, Chicago, IL",41.994679,-87.770899,8,7,0,
141,2013-09-06,"6200 North Mcclellan Avenue, Chicago, IL 60646, USA",CULEX PIPIENS,62, N MCCLELLAN AVE,T236,"6200  N MCCLELLAN AVE, Chicago, IL",41.994679,-87.770899,8,10,1,
142,2013-09-06,"2100 North Cannon Drive, Chicago, IL 60614, USA",CULEX PIPIENS/RESTUANS,21, N CANNON DR,T054C,"2100  N CANNON DR, Chicago, IL",41.925652,-87.63359,8,3,0,
143,2013-09-12,"4100 North Oak Park Avenue, Chicago, IL 60634, USA",CULEX PIPIENS/RESTUANS,41, N OAK PARK AVE,T002,"4100  N OAK PARK AVE, Chicago, IL",41.95469,-87.800991,9,12,0,
144,2013-09-12,"4100 North Oak Park Avenue, Chicago, IL 60634, USA",CULEX PIPIENS,41, N OAK PARK AVE,T002,"4100  N OAK PARK AVE, Chicago, IL",41.95469,-87.800991,9,32,1,
145,2013-09-12,"2500 West Grand Avenue, Chicago, IL 60654, USA",CULEX PIPIENS/RESTUANS,25, W GRAND AVE,T046,"2500  W GRAND AVE, Chicago, IL",41.891118,-87.654491,8,1,0,
146,2013-09-12,"2500 West Grand Avenue, Chicago, IL 60654, USA",CULEX RESTUANS,25, W GRAND AVE,T046,"2500  W GRAND AVE, Chicago, IL",41.891118,-87.654491,8,1,0,
147,2013-09-12,"2500 West Grand Avenue, Chicago, IL 60654, USA",CULEX PIPIENS,25, W GRAND AVE,T046,"2500  W GRAND AVE, Chicago, IL",41.891118,-87.654491,8,7,0,
148,2013-09-12,"1100 Roosevelt Road, Chicago, IL 60608, USA",CULEX PIPIENS,11, W ROOSEVELT,T048,"1100  W ROOSEVELT, Chicago, IL",41.867108,-87.654224,8,39,0,
149,2013-09-12,"1100 West Chicago Avenue, Chicago, IL 60642, USA",CULEX PIPIENS/RESTUANS,11, W CHICAGO,T049,"1100  W CHICAGO, Chicago, IL",41.896282,-87.655232,8,7,0,
150,2013-09-12,"1100 West Chicago Avenue, Chicago, IL 60642, USA",CULEX RESTUANS,11, W CHICAGO,T049,"1100  W CHICAGO, Chicago, IL",41.896282,-87.655232,8,1,0,
151,2013-09-12,"2200 North Cannon Drive, Chicago, IL 60614, USA",CULEX PIPIENS/RESTUANS,22, N CANNON DR,T054,"2200  N CANNON DR, Chicago, IL",41.921965,-87.632085,8,5,0,
152,2013-09-12,"2200 North Cannon Drive, Chicago, IL 60614, USA",CULEX PIPIENS/RESTUANS,22, N CANNON DR,T054,"2200  N CANNON DR, Chicago, IL",41.921965,-87.632085,8,42,1,
153,2013-09-12,"2200 North Cannon Drive, Chicago, IL 60614, USA",CULEX RESTUANS,22, N CANNON DR,T054,"2200  N CANNON DR, Chicago, IL",41.921965,-87.632085,8,2,0,
154,2013-09-12,"2200 North Cannon Drive, Chicago, IL 60614, USA",CULEX RESTUANS,22, N CANNON DR,T054,"2200  N CANNON DR, Chicago, IL",41.921965,-87.632085,8,1,0,
155,2013-09-12,"2200 North Cannon Drive, Chicago, IL 60614, USA",CULEX PIPIENS,22, N CANNON DR,T054,"2200  N CANNON DR, Chicago, IL",41.921965,-87.632085,8,46,0,
156,2013-09-12,"1700 West 95th Street, Chicago, IL 60643, USA",CULEX PIPIENS/RESTUANS,17, W 95TH ST,T094,"1700  W 95TH ST, Chicago, IL",41.720848,-87.666014,9,10,0,
157,2013-09-12,"1700 West 95th Street, Chicago, IL 60643, USA",CULEX PIPIENS,17, W 95TH ST,T094,"1700  W 95TH ST, Chicago, IL",41.720848,-87.666014,9,4,0,
158,2013-09-12,"8900 South Carpenter Street, Chicago, IL 60620, USA",CULEX PIPIENS/RESTUANS,89, S CARPENTER ST,T159,"8900  S CARPENTER ST, Chicago, IL",41.732984,-87.649642,8,29,0,
159,2013-09-12,"3600 North Pittsburgh Avenue, Chicago, IL 60634, USA",CULEX PIPIENS/RESTUANS,36, N PITTSBURGH AVE,T011,"3600  N PITTSBURGH AVE, Chicago, IL",41.944869,-87.832763,8,17,0,
160,2013-09-12,"3600 North Pittsburgh Avenue, Chicago, IL 60634, USA",CULEX PIPIENS,36, N PITTSBURGH AVE,T011,"3600  N PITTSBURGH AVE, Chicago, IL",41.944869,-87.832763,8,9,1,
161,2013-09-12,"5800 North Western Avenue, Chicago, IL 60659, USA",CULEX PIPIENS/RESTUANS,58, N WESTERN AVE,T028,"5800  N WESTERN AVE, Chicago, IL",41.986921,-87.689778,9,33,0,
162,2013-09-12,"5800 North Western Avenue, Chicago, IL 60659, USA",CULEX RESTUANS,58, N WESTERN AVE,T028,"5800  N WESTERN AVE, Chicago, IL",41.986921,-87.689778,9,4,0,
163,2013-09-12,"5800 North Western Avenue, Chicago, IL 60659, USA",CULEX PIPIENS,58, N WESTERN AVE,T028,"5800  N WESTERN AVE, Chicago, IL",41.986921,-87.689778,9,45,1,
164,2013-09-12,"5000 South Central Avenue, Chicago, IL 60638, USA",CULEX PIPIENS,50, S CENTRAL AVE,T031,"5000  S CENTRAL AVE, Chicago, IL",41.801498,-87.763416,9,20,0,
165,2013-09-12,"1400 North Sacramento Avenue, Chicago, IL 60622, USA",CULEX PIPIENS/RESTUANS,14, N HUMBOLDT DR,T033,"1400  N HUMBOLDT DR, Chicago, IL",41.906638,-87.701431,9,5,0,
166,2013-09-12,"1400 North Sacramento Avenue, Chicago, IL 60622, USA",CULEX PIPIENS,14, N HUMBOLDT DR,T033,"1400  N HUMBOLDT DR, Chicago, IL",41.906638,-87.701431,9,7,0,
167,2013-09-12,"South Vincennes Avenue, Chicago, IL, USA",CULEX PIPIENS/RESTUANS,10, S VINCENNES,T089,"1000  S VINCENNES, Chicago, IL",41.723195,-87.64997,5,8,0,
168,2013-09-12,"South Vincennes Avenue, Chicago, IL, USA",CULEX PIPIENS,10, S VINCENNES,T089,"1000  S VINCENNES, Chicago, IL",41.723195,-87.64997,5,3,0,
169,2013-09-12,"University of Illinois at Chicago, 1100 South Ashland Avenue, Chicago, IL 60607, USA",CULEX PIPIENS,11, S ASHLAND AVE,T090,"1100  S ASHLAND AVE, Chicago, IL",41.868077,-87.666901,9,21,1,
170,2013-09-12,"4200 West 127th Street, Alsip, IL 60803, USA",CULEX PIPIENS,42, W 127TH PL,T135,"4200  W 127TH PL, Chicago, IL",41.662014,-87.724608,8,18,1,
171,2013-09-12,"Chicago, IL, USA",CULEX PIPIENS/RESTUANS,43, N ASHLAND AVE OVERPASS,T145,"4300  N ASHLAND AVE OVERPASS, Chicago, IL",41.878114,-87.629798,3,1,0,
172,2013-09-12,"2800 North Francisco Avenue, Chicago, IL 60618, USA",CULEX PIPIENS/RESTUANS,28, N FRANCISCO AVE,T147,"2800  N FRANCISCO AVE, Chicago, IL",41.932094,-87.700117,8,7,0,
173,2013-09-12,"2800 North Francisco Avenue, Chicago, IL 60618, USA",CULEX RESTUANS,28, N FRANCISCO AVE,T147,"2800  N FRANCISCO AVE, Chicago, IL",41.932094,-87.700117,8,1,0,
174,2013-09-12,"2800 North Francisco Avenue, Chicago, IL 60618, USA",CULEX PIPIENS,28, N FRANCISCO AVE,T147,"2800  N FRANCISCO AVE, Chicago, IL",41.932094,-87.700117,8,13,1,
175,2013-09-12,"2500 South Millard Avenue, Chicago, IL 60623, USA",CULEX PIPIENS/RESTUANS,25, S MILLARD AVE,T152,"2500  S MILLARD AVE, Chicago, IL",41.846075,-87.716277,9,14,0,
176,2013-09-12,"3500 West 116th Street, Chicago, IL 60655, USA",CULEX PIPIENS/RESTUANS,35, W 116TH ST,T158,"3500  W 116TH ST, Chicago, IL",41.682587,-87.707973,9,10,0,
177,2013-09-12,"3500 West 116th Street, Chicago, IL 60655, USA",CULEX PIPIENS,35, W 116TH ST,T158,"3500  W 116TH ST, Chicago, IL",41.682587,-87.707973,9,10,0,
178,2013-09-12,"4500 North Campbell Avenue, Chicago, IL 60625, USA",CULEX PIPIENS/RESTUANS,45, N CAMPBELL AVE,T220,"4500  N CAMPBELL AVE, Chicago, IL",41.963976,-87.69181,9,16,0,
179,2013-09-12,"4500 North Campbell Avenue, Chicago, IL 60625, USA",CULEX PIPIENS,45, N CAMPBELL AVE,T220,"4500  N CAMPBELL AVE, Chicago, IL",41.963976,-87.69181,9,12,0,
180,2013-09-12,"4600 Milwaukee Avenue, Chicago, IL 60630, USA",CULEX PIPIENS/RESTUANS,46, N MILWAUKEE AVE,T003,"4600  N MILWAUKEE AVE, Chicago, IL",41.964242,-87.757639,8,10,0,
181,2013-09-12,"7000 North Moselle Avenue, Chicago, IL 60646, USA",CULEX PIPIENS/RESTUANS,70, N MOSELL AVE,T008,"7000  N MOSELL AVE, Chicago, IL",42.008314,-87.777921,9,17,0,
182,2013-09-12,"6100 North Lemont Avenue, Chicago, IL 60646, USA",CULEX PIPIENS/RESTUANS,61, N LEMONT AVE,T012,"6100  N LEMONT AVE, Chicago, IL",41.991429,-87.747113,8,5,0,
183,2013-09-12,"6100 North Lemont Avenue, Chicago, IL 60646, USA",CULEX PIPIENS,61, N LEMONT AVE,T012,"6100  N LEMONT AVE, Chicago, IL",41.991429,-87.747113,8,1,0,
184,2013-09-12,"3000 West 18th Street, Chicago, IL 60608, USA",CULEX PIPIENS/RESTUANS,30, W 18TH ST,T043,"3000  W 18TH ST, Chicago, IL",41.857402,-87.694991,8,4,0,
185,2013-09-12,"3000 West 18th Street, Chicago, IL 60608, USA",CULEX PIPIENS,30, W 18TH ST,T043,"3000  W 18TH ST, Chicago, IL",41.857402,-87.694991,8,1,0,
186,2013-09-12,"1100 South California Avenue, Chicago, IL 60612, USA",CULEX PIPIENS/RESTUANS,11, S CALIFORNIA,T047,"1100  S CALIFORNIA, Chicago, IL",41.868142,-87.696269,9,10,0,
187,2013-09-12,"1100 South California Avenue, Chicago, IL 60612, USA",CULEX RESTUANS,11, S CALIFORNIA,T047,"1100  S CALIFORNIA, Chicago, IL",41.868142,-87.696269,9,1,0,
188,2013-09-12,"1100 South California Avenue, Chicago, IL 60612, USA",CULEX PIPIENS,11, S CALIFORNIA,T047,"1100  S CALIFORNIA, Chicago, IL",41.868142,-87.696269,9,25,0,
189,2013-09-12,"6100 West Fullerton Avenue, Chicago, IL 60639, USA",CULEX PIPIENS/RESTUANS,61, W FULLERTON AVE,T013,"6100  W FULLERTON AVE, Chicago, IL",41.923738,-87.785288,9,21,1,
190,2013-09-12,"1200 West Greenleaf Avenue, Chicago, IL 60626, USA",CULEX PIPIENS/RESTUANS,12, W GREENLEAF AVE,T018,"1200  W GREENLEAF AVE, Chicago, IL",42.010412,-87.66214,8,8,0,
191,2013-09-12,"1000 North Central Park Avenue, Chicago, IL 60651, USA",CULEX PIPIENS,10, N CENTRAL PARK DR,T030,"1000  N CENTRAL PARK DR, Chicago, IL",41.89923,-87.716788,9,45,0,
192,2013-09-12,"6000 West Montrose Avenue, Chicago, IL 60634, USA",CULEX PIPIENS/RESTUANS,60, W MONTROSE DR,T017,"6000  W MONTROSE DR, Chicago, IL",41.960616,-87.777189,9,8,0,
193,2013-09-12,"6000 West Montrose Avenue, Chicago, IL 60634, USA",CULEX RESTUANS,60, W MONTROSE DR,T017,"6000  W MONTROSE DR, Chicago, IL",41.960616,-87.777189,9,1,0,
194,2013-09-12,"6000 West Montrose Avenue, Chicago, IL 60634, USA",CULEX PIPIENS,60, W MONTROSE DR,T017,"6000  W MONTROSE DR, Chicago, IL",41.960616,-87.777189,9,4,0,
195,2013-09-12,"3300 West 104th Street, Chicago, IL 60655, USA",CULEX PIPIENS,33, W 104TH ST,T095,"3300  W 104TH ST, Chicago, IL",41.704336,-87.703736,8,10,0,
196,2013-09-12,"1700 North Pulaski Road, Chicago, IL 60639, USA",CULEX PIPIENS,17, N PULASKI RD,T039,"1700  N PULASKI RD, Chicago, IL",41.911824,-87.726737,9,14,1,
197,2013-09-12,"2200 West 51st Street, Chicago, IL 60609, USA",CULEX PIPIENS/RESTUANS,22, W 51ST ST,T061,"2200  W 51ST ST, Chicago, IL",41.801179,-87.679447,8,4,0,
198,2013-09-12,"2200 West 51st Street, Chicago, IL 60609, USA",CULEX PIPIENS,22, W 51ST ST,T061,"2200  W 51ST ST, Chicago, IL",41.801179,-87.679447,8,15,0,
199,2013-09-12,"Chicago Midway International Airport (MDW), 5200 West 63rd Street, Chicago, IL 60638, USA",CULEX PIPIENS/RESTUANS,52, W 63RD ST,T065,"5200  W 63RD ST, Chicago, IL",41.778297,-87.752411,9,16,0,
200,2013-09-12,"Chicago Midway International Airport (MDW), 5200 West 63rd Street, Chicago, IL 60638, USA",CULEX RESTUANS,52, W 63RD ST,T065,"5200  W 63RD ST, Chicago, IL",41.778297,-87.752411,9,3,0,
201,2013-09-12,"Chicago Midway International Airport (MDW), 5200 West 63rd Street, Chicago, IL 60638, USA",CULEX PIPIENS,52, W 63RD ST,T065,"5200  W 63RD ST, Chicago, IL",41.778297,-87.752411,9,10,0,
202,2013-09-12,"6700 South Kedzie Avenue, Chicago, IL 60629, USA",CULEX PIPIENS/RESTUANS,67, S KEDZIE AVE,T066,"6700  S KEDZIE AVE, Chicago, IL",41.77166,-87.703047,8,32,0,
203,2013-09-12,"6700 South Kedzie Avenue, Chicago, IL 60629, USA",CULEX PIPIENS/RESTUANS,67, S KEDZIE AVE,T066,"6700  S KEDZIE AVE, Chicago, IL",41.77166,-87.703047,8,39,1,
204,2013-09-12,"6700 South Kedzie Avenue, Chicago, IL 60629, USA",CULEX RESTUANS,67, S KEDZIE AVE,T066,"6700  S KEDZIE AVE, Chicago, IL",41.77166,-87.703047,8,5,0,
205,2013-09-12,"6700 South Kedzie Avenue, Chicago, IL 60629, USA",CULEX PIPIENS,67, S KEDZIE AVE,T066,"6700  S KEDZIE AVE, Chicago, IL",41.77166,-87.703047,8,29,0,
206,2013-09-12,"2200 West 69th Street, Chicago, IL 60636, USA",CULEX PIPIENS/RESTUANS,22, W 69TH ST,T069,"2200  W 69TH ST, Chicago, IL",41.768388,-87.678649,8,6,0,
207,2013-09-12,"1000 East 67th Street, Chicago, IL 60637, USA",CULEX RESTUANS,10, E 67TH ST,T073,"1000  E 67TH ST, Chicago, IL",41.773215,-87.60088,8,2,0,
208,2013-09-12,"1000 East 67th Street, Chicago, IL 60637, USA",CULEX PIPIENS,10, E 67TH ST,T073,"1000  E 67TH ST, Chicago, IL",41.773215,-87.60088,8,4,0,
209,2013-09-12,"3900 South Ashland Avenue, Chicago, IL 60609, USA",CULEX PIPIENS/RESTUANS,39, S ASHLAND AVE,T074,"3900  S ASHLAND AVE, Chicago, IL",41.822536,-87.666343,9,7,0,
210,2013-09-12,"6400 South Stony Island Avenue, Chicago, IL 60637, USA",CULEX PIPIENS/RESTUANS,64, S STONY ISLAND AVE,T077,"6400  S STONY ISLAND AVE, Chicago, IL",41.778748,-87.586427,8,7,0,
211,2013-09-12,"7100 South South Shore Drive, Chicago, IL 60649, USA",CULEX PIPIENS/RESTUANS,71, S SOUTH SHORE DR,T079,"7100  S SOUTH SHORE DR, Chicago, IL",41.766202,-87.562889,9,1,0,
212,2013-09-12,"7700 South Eberhart Avenue, Chicago, IL 60619, USA",CULEX PIPIENS/RESTUANS,77, S EBERHART AVE,T080,"7700  S EBERHART AVE, Chicago, IL",41.754676,-87.612922,9,2,0,
213,2013-09-12,"7700 South Eberhart Avenue, Chicago, IL 60619, USA",CULEX PIPIENS,77, S EBERHART AVE,T080,"7700  S EBERHART AVE, Chicago, IL",41.754676,-87.612922,9,2,0,
214,2013-09-12,"5000 South Union Avenue, Chicago, IL 60609, USA",CULEX PIPIENS/RESTUANS,50, S UNION AVE,T082,"5000  S UNION AVE, Chicago, IL",41.803423,-87.642984,8,3,0,
215,2013-09-12,"7900 South South Chicago Avenue, Chicago, IL 60617, USA",CULEX PIPIENS/RESTUANS,79, S CHICAGO AVE,T083,"7900  S CHICAGO AVE, Chicago, IL",41.754292,-87.590773,9,1,0,
216,2013-09-12,"5200 South Kolmar Avenue, Chicago, IL 60632, USA",CULEX PIPIENS/RESTUANS,52, S KOLMAR,T114,"5200  S KOLMAR, Chicago, IL",41.798697,-87.736812,8,14,0,
217,2013-09-12,"5200 South Kolmar Avenue, Chicago, IL 60632, USA",CULEX PIPIENS/RESTUANS,52, S KOLMAR,T114,"5200  S KOLMAR, Chicago, IL",41.798697,-87.736812,8,9,1,
218,2013-09-12,"6300 West 64th Street, Chicago, IL 60638, USA",CULEX PIPIENS/RESTUANS,63, W 64TH ST,T155,"6300  W 64TH ST, Chicago, IL",41.776156,-87.778927,9,19,0,
219,2013-09-12,"South Doty Avenue, Chicago, IL, USA",CULEX PIPIENS/RESTUANS,12, S DOTY AVE,T115,"1200  S DOTY AVE, Chicago, IL",41.673408,-87.599862,5,47,1,
220,2013-09-12,"South Doty Avenue, Chicago, IL, USA",CULEX PIPIENS/RESTUANS,12, S DOTY AVE,T115,"1200  S DOTY AVE, Chicago, IL",41.673408,-87.599862,5,50,1,
221,2013-09-12,"South Doty Avenue, Chicago, IL, USA",CULEX PIPIENS/RESTUANS,12, S DOTY AVE,T115,"1200  S DOTY AVE, Chicago, IL",41.673408,-87.599862,5,39,1,
222,2013-09-12,"South Doty Avenue, Chicago, IL, USA",CULEX PIPIENS/RESTUANS,12, S DOTY AVE,T115,"1200  S DOTY AVE, Chicago, IL",41.673408,-87.599862,5,50,0,
223,2013-09-12,"South Doty Avenue, Chicago, IL, USA",CULEX PIPIENS,12, S DOTY AVE,T115,"1200  S DOTY AVE, Chicago, IL",41.673408,-87.599862,5,36,0,
224,2013-09-12,"South Stony Island Avenue, Chicago, IL, USA",CULEX PIPIENS,10, S STONY ISLAND AVE,T138,"1000  S STONY ISLAND AVE, Chicago, IL",41.726465,-87.585413,5,4,0,
225,2013-09-12,"South Brandon Avenue, Chicago, IL 60617, USA",CULEX PIPIENS,13, S BRANDON,T209,"1300  S BRANDON, Chicago, IL",41.740641,-87.546587,5,28,0,
226,2013-09-12,"3700 118th Street, Chicago, IL 60617, USA",CULEX PIPIENS/RESTUANS,37, E 118TH ST,T212,"3700  E 118TH ST, Chicago, IL",41.680946,-87.535198,8,11,0,
227,2013-09-12,"2400 East 105th Street, Chicago, IL 60617, USA",CULEX PIPIENS/RESTUANS,24, E 105TH ST,T128,"2400  E 105TH ST, Chicago, IL",41.704572,-87.565666,8,43,0,
228,2013-09-12,"2400 East 105th Street, Chicago, IL 60617, USA",CULEX PIPIENS,24, E 105TH ST,T128,"2400  E 105TH ST, Chicago, IL",41.704572,-87.565666,8,30,0,
229,2013-09-12,"South Cottage Grove Avenue, Chicago, IL, USA",CULEX PIPIENS/RESTUANS,10, S COTTAGE GROVE,T102,"1000  S COTTAGE GROVE, Chicago, IL",41.750498,-87.605294,5,5,1,
230,2013-09-12,"South Cottage Grove Avenue, Chicago, IL, USA",CULEX PIPIENS,10, S COTTAGE GROVE,T102,"1000  S COTTAGE GROVE, Chicago, IL",41.750498,-87.605294,5,11,0,
231,2013-09-12,"5800 North Pulaski Road, Chicago, IL 60646, USA",CULEX PIPIENS/RESTUANS,58, N PULASKI RD,T027,"5800  N PULASKI RD, Chicago, IL",41.984809,-87.728492,8,15,1,
232,2013-09-12,"5800 North Pulaski Road, Chicago, IL 60646, USA",CULEX PIPIENS,58, N PULASKI RD,T027,"5800  N PULASKI RD, Chicago, IL",41.984809,-87.728492,8,9,1,
233,2013-09-12,"4000 East 130th Street, Chicago, IL 60633, USA",CULEX PIPIENS,40, E 130TH ST,T221,"4000  E 130TH ST, Chicago, IL",41.659112,-87.538693,8,17,0,
234,2013-09-12,"9100 West Higgins Road, Rosemont, IL 60018, USA",CULEX PIPIENS/RESTUANS,91, W HIGGINS RD,T009,"9100  W HIGGINS RD, Chicago, IL",41.992478,-87.862995,8,5,0,
235,2013-09-12,"9100 West Higgins Road, Rosemont, IL 60018, USA",CULEX PIPIENS,91, W HIGGINS RD,T009,"9100  W HIGGINS RD, Chicago, IL",41.992478,-87.862995,8,35,0,
236,2013-09-12,"ORD Terminal 5, O'Hare International Airport, Chicago, IL 60666, USA",CULEX PIPIENS/RESTUANS,10, W OHARE AIRPORT,T900,"1000  W OHARE AIRPORT, Chicago, IL",41.974689,-87.890615,9,42,0,
237,2013-09-12,"ORD Terminal 5, O'Hare International Airport, Chicago, IL 60666, USA",CULEX PIPIENS/RESTUANS,10, W OHARE AIRPORT,T900,"1000  W OHARE AIRPORT, Chicago, IL",41.974689,-87.890615,9,9,0,
238,2013-09-12,"ORD Terminal 5, O'Hare International Airport, Chicago, IL 60666, USA",CULEX PIPIENS/RESTUANS,10, W OHARE AIRPORT,T900,"1000  W OHARE AIRPORT, Chicago, IL",41.974689,-87.890615,9,23,0,
239,2013-09-12,"ORD Terminal 5, O'Hare International Airport, Chicago, IL 60666, USA",CULEX PIPIENS/RESTUANS,10, W OHARE AIRPORT,T900,"1000  W OHARE AIRPORT, Chicago, IL",41.974689,-87.890615,9,50,0,
240,2013-09-12,"ORD Terminal 5, O'Hare International Airport, Chicago, IL 60666, USA",CULEX PIPIENS/RESTUANS,10, W OHARE AIRPORT,T900,"1000  W OHARE AIRPORT, Chicago, IL",41.974689,-87.890615,9,31,0,
241,2013-09-12,"ORD Terminal 5, O'Hare International Airport, Chicago, IL 60666, USA",CULEX PIPIENS/RESTUANS,10, W OHARE AIRPORT,T900,"1000  W OHARE AIRPORT, Chicago, IL",41.974689,-87.890615,9,37,0,
242,2013-09-12,"ORD Terminal 5, O'Hare International Airport, Chicago, IL 60666, USA",CULEX PIPIENS/RESTUANS,10, W OHARE AIRPORT,T900,"1000  W OHARE AIRPORT, Chicago, IL",41.974689,-87.890615,9,50,0,
243,2013-09-12,"ORD Terminal 5, O'Hare International Airport, Chicago, IL 60666, USA",CULEX RESTUANS,10, W OHARE AIRPORT,T900,"1000  W OHARE AIRPORT, Chicago, IL",41.974689,-87.890615,9,5,0,
244,2013-09-12,"ORD Terminal 5, O'Hare International Airport, Chicago, IL 60666, USA",CULEX PIPIENS,10, W OHARE AIRPORT,T900,"1000  W OHARE AIRPORT, Chicago, IL",41.974689,-87.890615,9,39,1,
245,2013-09-12,"ORD Terminal 5, O'Hare International Airport, Chicago, IL 60666, USA",CULEX PIPIENS,10, W OHARE AIRPORT,T900,"1000  W OHARE AIRPORT, Chicago, IL",41.974689,-87.890615,9,27,0,
246,2013-09-12,"ORD Terminal 5, O'Hare International Airport, Chicago, IL 60666, USA",CULEX PIPIENS,10, W OHARE AIRPORT,T900,"1000  W OHARE AIRPORT, Chicago, IL",41.974689,-87.890615,9,23,0,
247,2013-09-12,"ORD Terminal 5, O'Hare International Airport, Chicago, IL 60666, USA",CULEX PIPIENS,10, W OHARE AIRPORT,T900,"1000  W OHARE AIRPORT, Chicago, IL",41.974689,-87.890615,9,50,0,
248,2013-09-12,"ORD Terminal 5, O'Hare International Airport, Chicago, IL 60666, USA",CULEX PIPIENS,10, W OHARE AIRPORT,T900,"1000  W OHARE AIRPORT, Chicago, IL",41.974689,-87.890615,9,16,0,
249,2013-09-12,"ORD Terminal 5, O'Hare International Airport, Chicago, IL 60666, USA",CULEX PIPIENS,10, W OHARE AIRPORT,T900,"1000  W OHARE AIRPORT, Chicago, IL",41.974689,-87.890615,9,37,1,
250,2013-09-12,"ORD Terminal 5, O'Hare International Airport, Chicago, IL 60666, USA",CULEX PIPIENS,10, W OHARE AIRPORT,T900,"1000  W OHARE AIRPORT, Chicago, IL",41.974689,-87.890615,9,46,0,
251,2013-09-12,"Ohare Court, Bensenville, IL 60106, USA",CULEX PIPIENS/RESTUANS,10, W OHARE,T903,"1000  W OHARE, Chicago, IL",41.957799,-87.930995,5,10,0,
252,2013-09-12,"4800 West Montana Street, Chicago, IL 60639, USA",CULEX PIPIENS,48, W MONTANA ST,T222,"4800  W MONTANA ST, Chicago, IL",41.925198,-87.746381,8,3,0,
253,2013-09-12,"5100 North Mont Clare Avenue, Chicago, IL 60656, USA",CULEX PIPIENS/RESTUANS,51, N MONT CLARE AVE,T223,"5100  N MONT CLARE AVE, Chicago, IL",41.973845,-87.805059,9,5,1,
254,2013-09-12,"8200 South Kostner Avenue, Chicago, IL 60652, USA",CULEX PIPIENS/RESTUANS,82, S KOSTNER AVE,T225,"8200  S KOSTNER AVE, Chicago, IL",41.743402,-87.731435,8,1,0,
255,2013-09-12,"8200 South Kostner Avenue, Chicago, IL 60652, USA",CULEX RESTUANS,82, S KOSTNER AVE,T225,"8200  S KOSTNER AVE, Chicago, IL",41.743402,-87.731435,8,5,0,
256,2013-09-12,"8200 South Kostner Avenue, Chicago, IL 60652, USA",CULEX PIPIENS,82, S KOSTNER AVE,T225,"8200  S KOSTNER AVE, Chicago, IL",41.743402,-87.731435,8,47,1,
257,2013-09-12,"East 91st Place, Chicago, IL, USA",CULEX PIPIENS,65, E 91ST PL,T227,"6500  E 91ST PL, Chicago, IL",41.728495,-87.600963,5,16,0,
258,2013-09-12,"1700 West Addison Street, Chicago, IL 60613, USA",CULEX PIPIENS/RESTUANS,17, W ADDISON ST,T224,"1700  W ADDISON ST, Chicago, IL",41.947227,-87.671457,9,8,0,
259,2013-09-12,"1700 West Addison Street, Chicago, IL 60613, USA",CULEX PIPIENS,17, W ADDISON ST,T224,"1700  W ADDISON ST, Chicago, IL",41.947227,-87.671457,9,22,0,
260,2013-09-12,"West Garfield Boulevard, Chicago, IL, USA",CULEX PIPIENS/RESTUANS,90, W GARFIELD BLVD,T226,"9000  W GARFIELD BLVD, Chicago, IL",41.793818,-87.654234,5,7,0,
261,2013-09-12,"West Garfield Boulevard, Chicago, IL, USA",CULEX PIPIENS,90, W GARFIELD BLVD,T226,"9000  W GARFIELD BLVD, Chicago, IL",41.793818,-87.654234,5,1,0,
262,2013-09-12,"1300 North Laramie Avenue, Chicago, IL 60651, USA",CULEX PIPIENS/RESTUANS,13, N LARAMIE AVE,T230,"1300  N LARAMIE AVE, Chicago, IL",41.904194,-87.756155,9,45,0,
263,2013-09-12,"1300 North Laramie Avenue, Chicago, IL 60651, USA",CULEX PIPIENS,13, N LARAMIE AVE,T230,"1300  N LARAMIE AVE, Chicago, IL",41.904194,-87.756155,9,31,0,
264,2013-09-12,"1300 North Laramie Avenue, Chicago, IL 60651, USA",CULEX PIPIENS,13, N LARAMIE AVE,T230,"1300  N LARAMIE AVE, Chicago, IL",41.904194,-87.756155,9,39,0,
265,2013-09-12,"3900 North Springfield Avenue, Chicago, IL 60618, USA",CULEX PIPIENS/RESTUANS,39, N SPRINGFIELD AVE,T228,"3900  N SPRINGFIELD AVE, Chicago, IL",41.951866,-87.725057,8,1,0,
266,2013-09-12,"3900 North Springfield Avenue, Chicago, IL 60618, USA",CULEX PIPIENS,39, N SPRINGFIELD AVE,T228,"3900  N SPRINGFIELD AVE, Chicago, IL",41.951866,-87.725057,8,5,0,
267,2013-09-12,"5100 West 72nd Street, Chicago, IL 60638, USA",CULEX PIPIENS/RESTUANS,51, W 72ND ST,T035,"5100  W 72ND ST, Chicago, IL",41.763733,-87.742302,8,6,0,
268,2013-09-12,"5100 West 72nd Street, Chicago, IL 60638, USA",CULEX RESTUANS,51, W 72ND ST,T035,"5100  W 72ND ST, Chicago, IL",41.763733,-87.742302,8,1,0,
269,2013-09-12,"5100 West 72nd Street, Chicago, IL 60638, USA",CULEX PIPIENS,51, W 72ND ST,T035,"5100  W 72ND ST, Chicago, IL",41.763733,-87.742302,8,11,0,
270,2013-09-12,"5800 North Ridge Avenue, Chicago, IL 60660, USA",CULEX PIPIENS/RESTUANS,58, N RIDGE AVE,T231,"5800  N RIDGE AVE, Chicago, IL",41.98728,-87.666066,8,1,0,
271,2013-09-12,"5800 North Ridge Avenue, Chicago, IL 60660, USA",CULEX RESTUANS,58, N RIDGE AVE,T231,"5800  N RIDGE AVE, Chicago, IL",41.98728,-87.666066,8,1,0,
272,2013-09-12,"5800 North Ridge Avenue, Chicago, IL 60660, USA",CULEX PIPIENS,58, N RIDGE AVE,T231,"5800  N RIDGE AVE, Chicago, IL",41.98728,-87.666066,8,2,0,
273,2013-09-12,"1700 North Ashland Avenue, Chicago, IL 60622, USA",CULEX PIPIENS/RESTUANS,17, N ASHLAND AVE,T232,"1700  N ASHLAND AVE, Chicago, IL",41.912563,-87.668055,9,4,0,
274,2013-09-12,"1700 North Ashland Avenue, Chicago, IL 60622, USA",CULEX RESTUANS,17, N ASHLAND AVE,T232,"1700  N ASHLAND AVE, Chicago, IL",41.912563,-87.668055,9,2,0,
275,2013-09-12,"1700 North Ashland Avenue, Chicago, IL 60622, USA",CULEX PIPIENS,17, N ASHLAND AVE,T232,"1700  N ASHLAND AVE, Chicago, IL",41.912563,-87.668055,9,2,1,
276,2013-09-12,"7100 North Harlem Avenue, Chicago, IL 60631, USA",CULEX PIPIENS/RESTUANS,71, N HARLEM AVE,T233,"7100  N HARLEM AVE, Chicago, IL",42.009876,-87.807277,9,9,0,Y
277,2013-09-12,"7100 North Harlem Avenue, Chicago, IL 60631, USA",CULEX PIPIENS,71, N HARLEM AVE,T233,"7100  N HARLEM AVE, Chicago, IL",42.009876,-87.807277,9,33,0,Y
278,2013-09-12,"4200 West 65th Street, Chicago, IL 60621, USA",CULEX PIPIENS/RESTUANS,42, W 65TH ST,T235,"4200  W 65TH ST, Chicago, IL",41.776428,-87.627096,8,18,1,
279,2013-09-12,"4200 West 65th Street, Chicago, IL 60621, USA",CULEX PIPIENS,42, W 65TH ST,T235,"4200  W 65TH ST, Chicago, IL",41.776428,-87.627096,8,9,0,
280,2013-09-12,"6200 North Mcclellan Avenue, Chicago, IL 60646, USA",CULEX PIPIENS/RESTUANS,62, N MCCLELLAN AVE,T236,"6200  N MCCLELLAN AVE, Chicago, IL",41.994679,-87.770899,8,15,0,
281,2013-09-12,"2100 North Cannon Drive, Chicago, IL 60614, USA",CULEX PIPIENS,21, N CANNON DR,T054C,"2100  N CANNON DR, Chicago, IL",41.925652,-87.63359,8,2,0,
282,2013-09-19,"4100 North Oak Park Avenue, Chicago, IL 60634, USA",CULEX PIPIENS/RESTUANS,41, N OAK PARK AVE,T002,"4100  N OAK PARK AVE, Chicago, IL",41.95469,-87.800991,9,4,0,
283,2013-09-19,"4100 North Oak Park Avenue, Chicago, IL 60634, USA",CULEX PIPIENS,41, N OAK PARK AVE,T002,"4100  N OAK PARK AVE, Chicago, IL",41.95469,-87.800991,9,23,0,
284,2013-09-19,"2500 West Grand Avenue, Chicago, IL 60654, USA",CULEX PIPIENS/RESTUANS,25, W GRAND AVE,T046,"2500  W GRAND AVE, Chicago, IL",41.891118,-87.654491,8,1,0,
285,2013-09-19,"1100 Roosevelt Road, Chicago, IL 60608, USA",CULEX RESTUANS,11, W ROOSEVELT,T048,"1100  W ROOSEVELT, Chicago, IL",41.867108,-87.654224,8,12,0,
286,2013-09-19,"1100 West Chicago Avenue, Chicago, IL 60642, USA",CULEX PIPIENS,11, W CHICAGO,T049,"1100  W CHICAGO, Chicago, IL",41.896282,-87.655232,8,1,0,
287,2013-09-19,"2200 North Cannon Drive, Chicago, IL 60614, USA",CULEX PIPIENS/RESTUANS,22, N CANNON DR,T054,"2200  N CANNON DR, Chicago, IL",41.921965,-87.632085,8,12,1,
288,2013-09-19,"2200 North Cannon Drive, Chicago, IL 60614, USA",CULEX PIPIENS/RESTUANS,22, N CANNON DR,T054,"2200  N CANNON DR, Chicago, IL",41.921965,-87.632085,8,19,0,
289,2013-09-19,"2200 North Cannon Drive, Chicago, IL 60614, USA",CULEX RESTUANS,22, N CANNON DR,T054,"2200  N CANNON DR, Chicago, IL",41.921965,-87.632085,8,5,0,
290,2013-09-19,"2200 North Cannon Drive, Chicago, IL 60614, USA",CULEX PIPIENS,22, N CANNON DR,T054,"2200  N CANNON DR, Chicago, IL",41.921965,-87.632085,8,2,0,
291,2013-09-19,"2200 North Cannon Drive, Chicago, IL 60614, USA",CULEX PIPIENS,22, N CANNON DR,T054,"2200  N CANNON DR, Chicago, IL",41.921965,-87.632085,8,29,0,
292,2013-09-19,"1700 West 95th Street, Chicago, IL 60643, USA",CULEX PIPIENS/RESTUANS,17, W 95TH ST,T094,"1700  W 95TH ST, Chicago, IL",41.720848,-87.666014,9,3,0,
293,2013-09-19,"1700 West 95th Street, Chicago, IL 60643, USA",CULEX PIPIENS,17, W 95TH ST,T094,"1700  W 95TH ST, Chicago, IL",41.720848,-87.666014,9,8,0,
294,2013-09-19,"8900 South Carpenter Street, Chicago, IL 60620, USA",CULEX PIPIENS/RESTUANS,89, S CARPENTER ST,T159,"8900  S CARPENTER ST, Chicago, IL",41.732984,-87.649642,8,3,0,
295,2013-09-19,"3600 North Pittsburgh Avenue, Chicago, IL 60634, USA",CULEX PIPIENS/RESTUANS,36, N PITTSBURGH AVE,T011,"3600  N PITTSBURGH AVE, Chicago, IL",41.944869,-87.832763,8,10,1,
296,2013-09-19,"3600 North Pittsburgh Avenue, Chicago, IL 60634, USA",CULEX PIPIENS,36, N PITTSBURGH AVE,T011,"3600  N PITTSBURGH AVE, Chicago, IL",41.944869,-87.832763,8,1,0,
297,2013-09-19,"5800 North Western Avenue, Chicago, IL 60659, USA",CULEX PIPIENS/RESTUANS,58, N WESTERN AVE,T028,"5800  N WESTERN AVE, Chicago, IL",41.986921,-87.689778,9,14,0,
298,2013-09-19,"5000 South Central Avenue, Chicago, IL 60638, USA",CULEX PIPIENS,50, S CENTRAL AVE,T031,"5000  S CENTRAL AVE, Chicago, IL",41.801498,-87.763416,9,19,0,
299,2013-09-19,"1400 North Sacramento Avenue, Chicago, IL 60622, USA",CULEX PIPIENS/RESTUANS,14, N HUMBOLDT DR,T033,"1400  N HUMBOLDT DR, Chicago, IL",41.906638,-87.701431,9,1,0,
300,2013-09-19,"1400 North Sacramento Avenue, Chicago, IL 60622, USA",CULEX RESTUANS,14, N HUMBOLDT DR,T033,"1400  N HUMBOLDT DR, Chicago, IL",41.906638,-87.701431,9,1,0,
301,2013-09-19,"1400 North Sacramento Avenue, Chicago, IL 60622, USA",CULEX PIPIENS,14, N HUMBOLDT DR,T033,"1400  N HUMBOLDT DR, Chicago, IL",41.906638,-87.701431,9,14,0,
302,2013-09-19,"South Vincennes Avenue, Chicago, IL, USA",CULEX PIPIENS/RESTUANS,10, S VINCENNES,T089,"1000  S VINCENNES, Chicago, IL",41.723195,-87.64997,5,6,1,
303,2013-09-19,"University of Illinois at Chicago, 1100 South Ashland Avenue, Chicago, IL 60607, USA",CULEX PIPIENS/RESTUANS,11, S ASHLAND AVE,T090,"1100  S ASHLAND AVE, Chicago, IL",41.868077,-87.666901,9,2,0,
304,2013-09-19,"University of Illinois at Chicago, 1100 South Ashland Avenue, Chicago, IL 60607, USA",CULEX PIPIENS,11, S ASHLAND AVE,T090,"1100  S ASHLAND AVE, Chicago, IL",41.868077,-87.666901,9,6,1,
305,2013-09-19,"4200 West 127th Street, Alsip, IL 60803, USA",CULEX PIPIENS,42, W 127TH PL,T135,"4200  W 127TH PL, Chicago, IL",41.662014,-87.724608,8,22,0,
306,2013-09-19,"Chicago, IL, USA",CULEX PIPIENS,43, N ASHLAND AVE OVERPASS,T145,"4300  N ASHLAND AVE OVERPASS, Chicago, IL",41.878114,-87.629798,3,9,0,
307,2013-09-19,"2800 North Francisco Avenue, Chicago, IL 60618, USA",CULEX PIPIENS,28, N FRANCISCO AVE,T147,"2800  N FRANCISCO AVE, Chicago, IL",41.932094,-87.700117,8,2,0,
308,2013-09-19,"7000 West Armitage Avenue, Chicago, IL 60707, USA",CULEX PIPIENS/RESTUANS,70,  W ARMITAGE AVENUE,T151,"7000   W ARMITAGE AVENUE, Chicago, IL",41.916265,-87.800515,8,7,0,
309,2013-09-19,"7000 West Armitage Avenue, Chicago, IL 60707, USA",CULEX RESTUANS,70,  W ARMITAGE AVENUE,T151,"7000   W ARMITAGE AVENUE, Chicago, IL",41.916265,-87.800515,8,9,0,
310,2013-09-19,"7000 West Armitage Avenue, Chicago, IL 60707, USA",CULEX PIPIENS,70,  W ARMITAGE AVENUE,T151,"7000   W ARMITAGE AVENUE, Chicago, IL",41.916265,-87.800515,8,20,0,
311,2013-09-19,"2500 South Millard Avenue, Chicago, IL 60623, USA",CULEX PIPIENS/RESTUANS,25, S MILLARD AVE,T152,"2500  S MILLARD AVE, Chicago, IL",41.846075,-87.716277,9,1,0,
312,2013-09-19,"3500 West 116th Street, Chicago, IL 60655, USA",CULEX PIPIENS/RESTUANS,35, W 116TH ST,T158,"3500  W 116TH ST, Chicago, IL",41.682587,-87.707973,9,16,0,
313,2013-09-19,"3500 West 116th Street, Chicago, IL 60655, USA",CULEX PIPIENS,35, W 116TH ST,T158,"3500  W 116TH ST, Chicago, IL",41.682587,-87.707973,9,22,0,
314,2013-09-19,"4500 North Campbell Avenue, Chicago, IL 60625, USA",CULEX PIPIENS/RESTUANS,45, N CAMPBELL AVE,T220,"4500  N CAMPBELL AVE, Chicago, IL",41.963976,-87.69181,9,8,0,
315,2013-09-19,"4600 Milwaukee Avenue, Chicago, IL 60630, USA",CULEX PIPIENS/RESTUANS,46, N MILWAUKEE AVE,T003,"4600  N MILWAUKEE AVE, Chicago, IL",41.964242,-87.757639,8,3,0,
316,2013-09-19,"4600 Milwaukee Avenue, Chicago, IL 60630, USA",CULEX PIPIENS,46, N MILWAUKEE AVE,T003,"4600  N MILWAUKEE AVE, Chicago, IL",41.964242,-87.757639,8,2,0,
317,2013-09-19,"7000 North Moselle Avenue, Chicago, IL 60646, USA",CULEX PIPIENS,70, N MOSELL AVE,T008,"7000  N MOSELL AVE, Chicago, IL",42.008314,-87.777921,9,11,0,
318,2013-09-19,"6100 North Lemont Avenue, Chicago, IL 60646, USA",CULEX PIPIENS/RESTUANS,61, N LEMONT AVE,T012,"6100  N LEMONT AVE, Chicago, IL",41.991429,-87.747113,8,11,1,
319,2013-09-19,"3000 West 18th Street, Chicago, IL 60608, USA",CULEX PIPIENS/RESTUANS,30, W 18TH ST,T043,"3000  W 18TH ST, Chicago, IL",41.857402,-87.694991,8,1,0,
320,2013-09-19,"1100 South California Avenue, Chicago, IL 60612, USA",CULEX PIPIENS/RESTUANS,11, S CALIFORNIA,T047,"1100  S CALIFORNIA, Chicago, IL",41.868142,-87.696269,9,34,0,
321,2013-09-19,"6100 West Fullerton Avenue, Chicago, IL 60639, USA",CULEX PIPIENS/RESTUANS,61, W FULLERTON AVE,T013,"6100  W FULLERTON AVE, Chicago, IL",41.923738,-87.785288,9,4,0,
322,2013-09-19,"6100 West Fullerton Avenue, Chicago, IL 60639, USA",CULEX PIPIENS,61, W FULLERTON AVE,T013,"6100  W FULLERTON AVE, Chicago, IL",41.923738,-87.785288,9,26,1,
323,2013-09-19,"1200 West Greenleaf Avenue, Chicago, IL 60626, USA",CULEX PIPIENS/RESTUANS,12, W GREENLEAF AVE,T018,"1200  W GREENLEAF AVE, Chicago, IL",42.010412,-87.66214,8,3,0,
324,2013-09-19,"1000 North Central Park Avenue, Chicago, IL 60651, USA",CULEX PIPIENS/RESTUANS,10, N CENTRAL PARK DR,T030,"1000  N CENTRAL PARK DR, Chicago, IL",41.89923,-87.716788,9,8,0,
325,2013-09-19,"1000 North Central Park Avenue, Chicago, IL 60651, USA",CULEX RESTUANS,10, N CENTRAL PARK DR,T030,"1000  N CENTRAL PARK DR, Chicago, IL",41.89923,-87.716788,9,7,0,
326,2013-09-19,"1000 North Central Park Avenue, Chicago, IL 60651, USA",CULEX PIPIENS,10, N CENTRAL PARK DR,T030,"1000  N CENTRAL PARK DR, Chicago, IL",41.89923,-87.716788,9,21,1,
327,2013-09-19,"6000 West Montrose Avenue, Chicago, IL 60634, USA",CULEX PIPIENS/RESTUANS,60, W MONTROSE DR,T017,"6000  W MONTROSE DR, Chicago, IL",41.960616,-87.777189,9,4,0,
328,2013-09-19,"6000 West Montrose Avenue, Chicago, IL 60634, USA",CULEX PIPIENS,60, W MONTROSE DR,T017,"6000  W MONTROSE DR, Chicago, IL",41.960616,-87.777189,9,6,0,
329,2013-09-19,"3300 West 104th Street, Chicago, IL 60655, USA",CULEX RESTUANS,33, W 104TH ST,T095,"3300  W 104TH ST, Chicago, IL",41.704336,-87.703736,8,3,0,
330,2013-09-19,"1700 North Pulaski Road, Chicago, IL 60639, USA",CULEX PIPIENS,17, N PULASKI RD,T039,"1700  N PULASKI RD, Chicago, IL",41.911824,-87.726737,9,30,0,
331,2013-09-19,"2200 West 51st Street, Chicago, IL 60609, USA",CULEX PIPIENS,22, W 51ST ST,T061,"2200  W 51ST ST, Chicago, IL",41.801179,-87.679447,8,13,0,
332,2013-09-19,"3500 West 51st Street, Chicago, IL 60632, USA",CULEX PIPIENS,35, W 51ST ST,T062,"3500  W 51ST ST, Chicago, IL",41.800737,-87.71188,8,7,0,
333,2013-09-19,"Chicago Midway International Airport (MDW), 5200 West 63rd Street, Chicago, IL 60638, USA",CULEX PIPIENS,52, W 63RD ST,T065,"5200  W 63RD ST, Chicago, IL",41.778297,-87.752411,9,5,0,
334,2013-09-19,"6700 South Kedzie Avenue, Chicago, IL 60629, USA",CULEX RESTUANS,67, S KEDZIE AVE,T066,"6700  S KEDZIE AVE, Chicago, IL",41.77166,-87.703047,8,23,0,
335,2013-09-19,"2200 West 69th Street, Chicago, IL 60636, USA",CULEX PIPIENS/RESTUANS,22, W 69TH ST,T069,"2200  W 69TH ST, Chicago, IL",41.768388,-87.678649,8,13,0,
336,2013-09-19,"1000 East 67th Street, Chicago, IL 60637, USA",CULEX PIPIENS/RESTUANS,10, E 67TH ST,T073,"1000  E 67TH ST, Chicago, IL",41.773215,-87.60088,8,7,0,
337,2013-09-19,"1000 East 67th Street, Chicago, IL 60637, USA",CULEX PIPIENS,10, E 67TH ST,T073,"1000  E 67TH ST, Chicago, IL",41.773215,-87.60088,8,1,0,
338,2013-09-19,"3900 South Ashland Avenue, Chicago, IL 60609, USA",CULEX PIPIENS/RESTUANS,39, S ASHLAND AVE,T074,"3900  S ASHLAND AVE, Chicago, IL",41.822536,-87.666343,9,1,0,
339,2013-09-19,"6400 South Stony Island Avenue, Chicago, IL 60637, USA",CULEX PIPIENS/RESTUANS,64, S STONY ISLAND AVE,T077,"6400  S STONY ISLAND AVE, Chicago, IL",41.778748,-87.586427,8,2,0,
340,2013-09-19,"7100 South South Shore Drive, Chicago, IL 60649, USA",CULEX PIPIENS/RESTUANS,71, S SOUTH SHORE DR,T079,"7100  S SOUTH SHORE DR, Chicago, IL",41.766202,-87.562889,9,1,0,
341,2013-09-19,"7700 South Eberhart Avenue, Chicago, IL 60619, USA",CULEX PIPIENS/RESTUANS,77, S EBERHART AVE,T080,"7700  S EBERHART AVE, Chicago, IL",41.754676,-87.612922,9,4,0,
342,2013-09-19,"7700 South Eberhart Avenue, Chicago, IL 60619, USA",CULEX PIPIENS,77, S EBERHART AVE,T080,"7700  S EBERHART AVE, Chicago, IL",41.754676,-87.612922,9,7,0,
343,2013-09-19,"5000 South Union Avenue, Chicago, IL 60609, USA",CULEX PIPIENS/RESTUANS,50, S UNION AVE,T082,"5000  S UNION AVE, Chicago, IL",41.803423,-87.642984,8,2,0,
344,2013-09-19,"7900 South South Chicago Avenue, Chicago, IL 60617, USA",CULEX PIPIENS/RESTUANS,79, S CHICAGO AVE,T083,"7900  S CHICAGO AVE, Chicago, IL",41.754292,-87.590773,9,2,0,
345,2013-09-19,"5200 South Kolmar Avenue, Chicago, IL 60632, USA",CULEX PIPIENS/RESTUANS,52, S KOLMAR,T114,"5200  S KOLMAR, Chicago, IL",41.798697,-87.736812,8,9,0,
346,2013-09-19,"6300 West 64th Street, Chicago, IL 60638, USA",CULEX PIPIENS/RESTUANS,63, W 64TH ST,T155,"6300  W 64TH ST, Chicago, IL",41.776156,-87.778927,9,7,0,
347,2013-09-19,"3700 South Pulaski Road, Chicago, IL 60623, USA",CULEX PIPIENS,37, S PULASKI RD,T063,"3700  S PULASKI RD, Chicago, IL",41.82561,-87.726549,9,13,0,
348,2013-09-19,"South Doty Avenue, Chicago, IL, USA",CULEX PIPIENS/RESTUANS,12, S DOTY AVE,T115,"1200  S DOTY AVE, Chicago, IL",41.673408,-87.599862,5,10,0,
349,2013-09-19,"South Doty Avenue, Chicago, IL, USA",CULEX PIPIENS,12, S DOTY AVE,T115,"1200  S DOTY AVE, Chicago, IL",41.673408,-87.599862,5,8,0,
350,2013-09-19,"South Stony Island Avenue, Chicago, IL, USA",CULEX PIPIENS/RESTUANS,10, S STONY ISLAND AVE,T138,"1000  S STONY ISLAND AVE, Chicago, IL",41.726465,-87.585413,5,16,0,
351,2013-09-19,"South Brandon Avenue, Chicago, IL 60617, USA",CULEX PIPIENS/RESTUANS,13, S BRANDON,T209,"1300  S BRANDON, Chicago, IL",41.740641,-87.546587,5,10,0,
352,2013-09-19,"South Brandon Avenue, Chicago, IL 60617, USA",CULEX RESTUANS,13, S BRANDON,T209,"1300  S BRANDON, Chicago, IL",41.740641,-87.546587,5,2,0,
353,2013-09-19,"South Brandon Avenue, Chicago, IL 60617, USA",CULEX PIPIENS,13, S BRANDON,T209,"1300  S BRANDON, Chicago, IL",41.740641,-87.546587,5,8,0,
354,2013-09-19,"3700 118th Street, Chicago, IL 60617, USA",CULEX PIPIENS/RESTUANS,37, E 118TH ST,T212,"3700  E 118TH ST, Chicago, IL",41.680946,-87.535198,8,3,0,
355,2013-09-19,"2400 East 105th Street, Chicago, IL 60617, USA",CULEX PIPIENS/RESTUANS,24, E 105TH ST,T128,"2400  E 105TH ST, Chicago, IL",41.704572,-87.565666,8,15,0,
356,2013-09-19,"8900 South Muskegon Avenue, Chicago, IL 60617, USA",CULEX PIPIENS/RESTUANS,89, S MUSKEGON AVE,T099,"8900  S MUSKEGON AVE, Chicago, IL",41.733643,-87.55551,8,1,0,
357,2013-09-19,"8900 South Muskegon Avenue, Chicago, IL 60617, USA",CULEX PIPIENS,89, S MUSKEGON AVE,T099,"8900  S MUSKEGON AVE, Chicago, IL",41.733643,-87.55551,8,2,0,
358,2013-09-19,"South Cottage Grove Avenue, Chicago, IL, USA",CULEX PIPIENS/RESTUANS,10, S COTTAGE GROVE,T102,"1000  S COTTAGE GROVE, Chicago, IL",41.750498,-87.605294,5,3,0,
359,2013-09-19,"South Cottage Grove Avenue, Chicago, IL, USA",CULEX PIPIENS,10, S COTTAGE GROVE,T102,"1000  S COTTAGE GROVE, Chicago, IL",41.750498,-87.605294,5,3,0,
360,2013-09-19,"5800 North Pulaski Road, Chicago, IL 60646, USA",CULEX PIPIENS/RESTUANS,58, N PULASKI RD,T027,"5800  N PULASKI RD, Chicago, IL",41.984809,-87.728492,8,3,0,
361,2013-09-19,"5800 North Pulaski Road, Chicago, IL 60646, USA",CULEX PIPIENS,58, N PULASKI RD,T027,"5800  N PULASKI RD, Chicago, IL",41.984809,-87.728492,8,15,0,
362,2013-09-19,"4000 East 130th Street, Chicago, IL 60633, USA",CULEX PIPIENS/RESTUANS,40, E 130TH ST,T221,"4000  E 130TH ST, Chicago, IL",41.659112,-87.538693,8,10,0,
363,2013-09-19,"4000 East 130th Street, Chicago, IL 60633, USA",CULEX RESTUANS,40, E 130TH ST,T221,"4000  E 130TH ST, Chicago, IL",41.659112,-87.538693,8,2,0,
364,2013-09-19,"4000 East 130th Street, Chicago, IL 60633, USA",CULEX PIPIENS,40, E 130TH ST,T221,"4000  E 130TH ST, Chicago, IL",41.659112,-87.538693,8,11,1,
365,2013-09-19,"9100 West Higgins Road, Rosemont, IL 60018, USA",CULEX PIPIENS/RESTUANS,91, W HIGGINS RD,T009,"9100  W HIGGINS RD, Chicago, IL",41.992478,-87.862995,8,3,0,
366,2013-09-19,"ORD Terminal 5, O'Hare International Airport, Chicago, IL 60666, USA",CULEX PIPIENS/RESTUANS,10, W OHARE AIRPORT,T900,"1000  W OHARE AIRPORT, Chicago, IL",41.974689,-87.890615,9,13,1,
367,2013-09-19,"ORD Terminal 5, O'Hare International Airport, Chicago, IL 60666, USA",CULEX PIPIENS/RESTUANS,10, W OHARE AIRPORT,T900,"1000  W OHARE AIRPORT, Chicago, IL",41.974689,-87.890615,9,7,1,
368,2013-09-19,"ORD Terminal 5, O'Hare International Airport, Chicago, IL 60666, USA",CULEX PIPIENS/RESTUANS,10, W OHARE AIRPORT,T900,"1000  W OHARE AIRPORT, Chicago, IL",41.974689,-87.890615,9,27,1,
369,2013-09-19,"ORD Terminal 5, O'Hare International Airport, Chicago, IL 60666, USA",CULEX PIPIENS,10, W OHARE AIRPORT,T900,"1000  W OHARE AIRPORT, Chicago, IL",41.974689,-87.890615,9,33,0,
370,2013-09-19,"ORD Terminal 5, O'Hare International Airport, Chicago, IL 60666, USA",CULEX PIPIENS,10, W OHARE AIRPORT,T900,"1000  W OHARE AIRPORT, Chicago, IL",41.974689,-87.890615,9,17,0,
371,2013-09-19,"ORD Terminal 5, O'Hare International Airport, Chicago, IL 60666, USA",CULEX PIPIENS,10, W OHARE AIRPORT,T900,"1000  W OHARE AIRPORT, Chicago, IL",41.974689,-87.890615,9,13,0,
372,2013-09-19,"ORD Terminal 5, O'Hare International Airport, Chicago, IL 60666, USA",CULEX PIPIENS,10, W OHARE AIRPORT,T900,"1000  W OHARE AIRPORT, Chicago, IL",41.974689,-87.890615,9,13,0,
373,2013-09-19,"4800 West Montana Street, Chicago, IL 60639, USA",CULEX PIPIENS/RESTUANS,48, W MONTANA ST,T222,"4800  W MONTANA ST, Chicago, IL",41.925198,-87.746381,8,1,0,
374,2013-09-19,"4800 West Montana Street, Chicago, IL 60639, USA",CULEX PIPIENS,48, W MONTANA ST,T222,"4800  W MONTANA ST, Chicago, IL",41.925198,-87.746381,8,2,0,
375,2013-09-19,"5100 North Mont Clare Avenue, Chicago, IL 60656, USA",CULEX PIPIENS/RESTUANS,51, N MONT CLARE AVE,T223,"5100  N MONT CLARE AVE, Chicago, IL",41.973845,-87.805059,9,5,0,
376,2013-09-19,"5100 North Mont Clare Avenue, Chicago, IL 60656, USA",CULEX PIPIENS,51, N MONT CLARE AVE,T223,"5100  N MONT CLARE AVE, Chicago, IL",41.973845,-87.805059,9,7,0,
377,2013-09-19,"8200 South Kostner Avenue, Chicago, IL 60652, USA",CULEX PIPIENS/RESTUANS,82, S KOSTNER AVE,T225,"8200  S KOSTNER AVE, Chicago, IL",41.743402,-87.731435,8,20,0,
378,2013-09-19,"East 91st Place, Chicago, IL, USA",CULEX PIPIENS/RESTUANS,65, E 91ST PL,T227,"6500  E 91ST PL, Chicago, IL",41.728495,-87.600963,5,3,0,
379,2013-09-19,"East 91st Place, Chicago, IL, USA",CULEX PIPIENS,65, E 91ST PL,T227,"6500  E 91ST PL, Chicago, IL",41.728495,-87.600963,5,8,0,
380,2013-09-19,"1700 West Addison Street, Chicago, IL 60613, USA",CULEX PIPIENS,17, W ADDISON ST,T224,"1700  W ADDISON ST, Chicago, IL",41.947227,-87.671457,9,9,0,
381,2013-09-19,"West Garfield Boulevard, Chicago, IL, USA",CULEX PIPIENS/RESTUANS,90, W GARFIELD BLVD,T226,"9000  W GARFIELD BLVD, Chicago, IL",41.793818,-87.654234,5,2,0,
382,2013-09-19,"West Garfield Boulevard, Chicago, IL, USA",CULEX RESTUANS,90, W GARFIELD BLVD,T226,"9000  W GARFIELD BLVD, Chicago, IL",41.793818,-87.654234,5,2,0,
383,2013-09-19,"1300 North Laramie Avenue, Chicago, IL 60651, USA",CULEX PIPIENS/RESTUANS,13, N LARAMIE AVE,T230,"1300  N LARAMIE AVE, Chicago, IL",41.904194,-87.756155,9,32,0,
384,2013-09-19,"1300 North Laramie Avenue, Chicago, IL 60651, USA",CULEX PIPIENS,13, N LARAMIE AVE,T230,"1300  N LARAMIE AVE, Chicago, IL",41.904194,-87.756155,9,15,0,
385,2013-09-19,"5100 West 72nd Street, Chicago, IL 60638, USA",CULEX PIPIENS/RESTUANS,51, W 72ND ST,T035,"5100  W 72ND ST, Chicago, IL",41.763733,-87.742302,8,19,0,
386,2013-09-19,"5100 West 72nd Street, Chicago, IL 60638, USA",CULEX PIPIENS,51, W 72ND ST,T035,"5100  W 72ND ST, Chicago, IL",41.763733,-87.742302,8,1,0,
387,2013-09-19,"5800 North Ridge Avenue, Chicago, IL 60660, USA",CULEX PIPIENS/RESTUANS,58, N RIDGE AVE,T231,"5800  N RIDGE AVE, Chicago, IL",41.98728,-87.666066,8,7,0,
388,2013-09-19,"5800 North Ridge Avenue, Chicago, IL 60660, USA",CULEX PIPIENS,58, N RIDGE AVE,T231,"5800  N RIDGE AVE, Chicago, IL",41.98728,-87.666066,8,2,0,
389,2013-09-19,"1700 North Ashland Avenue, Chicago, IL 60622, USA",CULEX PIPIENS,17, N ASHLAND AVE,T232,"1700  N ASHLAND AVE, Chicago, IL",41.912563,-87.668055,9,4,0,
390,2013-09-19,"7100 North Harlem Avenue, Chicago, IL 60631, USA",CULEX PIPIENS,71, N HARLEM AVE,T233,"7100  N HARLEM AVE, Chicago, IL",42.009876,-87.807277,9,21,0,Y
391,2013-09-19,"4200 West 65th Street, Chicago, IL 60621, USA",CULEX PIPIENS,42, W 65TH ST,T235,"4200  W 65TH ST, Chicago, IL",41.776428,-87.627096,8,15,0,
392,2013-09-19,"6200 North Mcclellan Avenue, Chicago, IL 60646, USA",CULEX PIPIENS/RESTUANS,62, N MCCLELLAN AVE,T236,"6200  N MCCLELLAN AVE, Chicago, IL",41.994679,-87.770899,8,2,0,
393,2013-09-19,"2100 North Cannon Drive, Chicago, IL 60614, USA",CULEX PIPIENS,21, N CANNON DR,T054C,"2100  N CANNON DR, Chicago, IL",41.925652,-87.63359,8,2,0,
394,2013-09-26,"4100 North Oak Park Avenue, Chicago, IL 60634, USA",CULEX PIPIENS/RESTUANS,41, N OAK PARK AVE,T002,"4100  N OAK PARK AVE, Chicago, IL",41.95469,-87.800991,9,5,0,
395,2013-09-26,"4100 North Oak Park Avenue, Chicago, IL 60634, USA",CULEX PIPIENS,41, N OAK PARK AVE,T002,"4100  N OAK PARK AVE, Chicago, IL",41.95469,-87.800991,9,8,0,
396,2013-09-26,"2500 West Grand Avenue, Chicago, IL 60654, USA",CULEX PIPIENS/RESTUANS,25, W GRAND AVE,T046,"2500  W GRAND AVE, Chicago, IL",41.891118,-87.654491,8,1,0,
397,2013-09-26,"1100 Roosevelt Road, Chicago, IL 60608, USA",CULEX RESTUANS,11, W ROOSEVELT,T048,"1100  W ROOSEVELT, Chicago, IL",41.867108,-87.654224,8,7,0,
398,2013-09-26,"1100 West Chicago Avenue, Chicago, IL 60642, USA",CULEX PIPIENS/RESTUANS,11, W CHICAGO,T049,"1100  W CHICAGO, Chicago, IL",41.896282,-87.655232,8,4,0,
399,2013-09-26,"2200 North Cannon Drive, Chicago, IL 60614, USA",CULEX PIPIENS/RESTUANS,22, N CANNON DR,T054,"2200  N CANNON DR, Chicago, IL",41.921965,-87.632085,8,2,0,
400,2013-09-26,"2200 North Cannon Drive, Chicago, IL 60614, USA",CULEX PIPIENS,22, N CANNON DR,T054,"2200  N CANNON DR, Chicago, IL",41.921965,-87.632085,8,17,0,
401,2013-09-26,"1700 West 95th Street, Chicago, IL 60643, USA",CULEX PIPIENS/RESTUANS,17, W 95TH ST,T094,"1700  W 95TH ST, Chicago, IL",41.720848,-87.666014,9,12,0,
402,2013-09-26,"8900 South Carpenter Street, Chicago, IL 60620, USA",CULEX PIPIENS/RESTUANS,89, S CARPENTER ST,T159,"8900  S CARPENTER ST, Chicago, IL",41.732984,-87.649642,8,21,0,
403,2013-09-26,"8900 South Carpenter Street, Chicago, IL 60620, USA",CULEX PIPIENS,89, S CARPENTER ST,T159,"8900  S CARPENTER ST, Chicago, IL",41.732984,-87.649642,8,6,0,
404,2013-09-26,"3600 North Pittsburgh Avenue, Chicago, IL 60634, USA",CULEX PIPIENS/RESTUANS,36, N PITTSBURGH AVE,T011,"3600  N PITTSBURGH AVE, Chicago, IL",41.944869,-87.832763,8,7,0,
405,2013-09-26,"3600 North Pittsburgh Avenue, Chicago, IL 60634, USA",CULEX PIPIENS,36, N PITTSBURGH AVE,T011,"3600  N PITTSBURGH AVE, Chicago, IL",41.944869,-87.832763,8,2,0,
406,2013-09-26,"5000 South Central Avenue, Chicago, IL 60638, USA",CULEX PIPIENS/RESTUANS,50, S CENTRAL AVE,T031,"5000  S CENTRAL AVE, Chicago, IL",41.801498,-87.763416,9,2,0,
407,2013-09-26,"5000 South Central Avenue, Chicago, IL 60638, USA",CULEX PIPIENS,50, S CENTRAL AVE,T031,"5000  S CENTRAL AVE, Chicago, IL",41.801498,-87.763416,9,4,0,
408,2013-09-26,"1400 North Sacramento Avenue, Chicago, IL 60622, USA",CULEX PIPIENS/RESTUANS,14, N HUMBOLDT DR,T033,"1400  N HUMBOLDT DR, Chicago, IL",41.906638,-87.701431,9,2,0,
409,2013-09-26,"South Vincennes Avenue, Chicago, IL, USA",CULEX PIPIENS/RESTUANS,10, S VINCENNES,T089,"1000  S VINCENNES, Chicago, IL",41.723195,-87.64997,5,4,0,
410,2013-09-26,"University of Illinois at Chicago, 1100 South Ashland Avenue, Chicago, IL 60607, USA",CULEX PIPIENS/RESTUANS,11, S ASHLAND AVE,T090,"1100  S ASHLAND AVE, Chicago, IL",41.868077,-87.666901,9,2,0,
411,2013-09-26,"4200 West 127th Street, Alsip, IL 60803, USA",CULEX PIPIENS/RESTUANS,42, W 127TH PL,T135,"4200  W 127TH PL, Chicago, IL",41.662014,-87.724608,8,6,0,
412,2013-09-26,"4200 West 127th Street, Alsip, IL 60803, USA",CULEX PIPIENS,42, W 127TH PL,T135,"4200  W 127TH PL, Chicago, IL",41.662014,-87.724608,8,1,0,
413,2013-09-26,"Chicago, IL, USA",CULEX PIPIENS,43, N ASHLAND AVE OVERPASS,T145,"4300  N ASHLAND AVE OVERPASS, Chicago, IL",41.878114,-87.629798,3,2,0,
414,2013-09-26,"7000 West Armitage Avenue, Chicago, IL 60707, USA",CULEX PIPIENS/RESTUANS,70,  W ARMITAGE AVENUE,T151,"7000   W ARMITAGE AVENUE, Chicago, IL",41.916265,-87.800515,8,8,0,
415,2013-09-26,"2500 South Millard Avenue, Chicago, IL 60623, USA",CULEX PIPIENS/RESTUANS,25, S MILLARD AVE,T152,"2500  S MILLARD AVE, Chicago, IL",41.846075,-87.716277,9,2,0,
416,2013-09-26,"3500 West 116th Street, Chicago, IL 60655, USA",CULEX PIPIENS/RESTUANS,35, W 116TH ST,T158,"3500  W 116TH ST, Chicago, IL",41.682587,-87.707973,9,8,0,
417,2013-09-26,"4500 North Campbell Avenue, Chicago, IL 60625, USA",CULEX RESTUANS,45, N CAMPBELL AVE,T220,"4500  N CAMPBELL AVE, Chicago, IL",41.963976,-87.69181,9,8,0,
418,2013-09-26,"4600 Milwaukee Avenue, Chicago, IL 60630, USA",CULEX PIPIENS/RESTUANS,46, N MILWAUKEE AVE,T003,"4600  N MILWAUKEE AVE, Chicago, IL",41.964242,-87.757639,8,10,0,
419,2013-09-26,"4600 Milwaukee Avenue, Chicago, IL 60630, USA",CULEX PIPIENS,46, N MILWAUKEE AVE,T003,"4600  N MILWAUKEE AVE, Chicago, IL",41.964242,-87.757639,8,3,1,
420,2013-09-26,"7000 North Moselle Avenue, Chicago, IL 60646, USA",CULEX PIPIENS/RESTUANS,70, N MOSELL AVE,T008,"7000  N MOSELL AVE, Chicago, IL",42.008314,-87.777921,9,10,0,
421,2013-09-26,"6100 North Lemont Avenue, Chicago, IL 60646, USA",CULEX PIPIENS/RESTUANS,61, N LEMONT AVE,T012,"6100  N LEMONT AVE, Chicago, IL",41.991429,-87.747113,8,2,0,
422,2013-09-26,"1100 South California Avenue, Chicago, IL 60612, USA",CULEX PIPIENS/RESTUANS,11, S CALIFORNIA,T047,"1100  S CALIFORNIA, Chicago, IL",41.868142,-87.696269,9,2,0,
423,2013-09-26,"1100 South California Avenue, Chicago, IL 60612, USA",CULEX PIPIENS/RESTUANS,11, S CALIFORNIA,T047,"1100  S CALIFORNIA, Chicago, IL",41.868142,-87.696269,9,9,0,
424,2013-09-26,"6100 West Fullerton Avenue, Chicago, IL 60639, USA",CULEX PIPIENS/RESTUANS,61, W FULLERTON AVE,T013,"6100  W FULLERTON AVE, Chicago, IL",41.923738,-87.785288,9,5,0,
425,2013-09-26,"1000 North Central Park Avenue, Chicago, IL 60651, USA",CULEX PIPIENS/RESTUANS,10, N CENTRAL PARK DR,T030,"1000  N CENTRAL PARK DR, Chicago, IL",41.89923,-87.716788,9,17,0,
426,2013-09-26,"6000 West Montrose Avenue, Chicago, IL 60634, USA",CULEX PIPIENS,60, W MONTROSE DR,T017,"6000  W MONTROSE DR, Chicago, IL",41.960616,-87.777189,9,2,0,
427,2013-09-26,"3300 West 104th Street, Chicago, IL 60655, USA",CULEX PIPIENS/RESTUANS,33, W 104TH ST,T095,"3300  W 104TH ST, Chicago, IL",41.704336,-87.703736,8,1,0,
428,2013-09-26,"3300 West 104th Street, Chicago, IL 60655, USA",CULEX PIPIENS,33, W 104TH ST,T095,"3300  W 104TH ST, Chicago, IL",41.704336,-87.703736,8,2,0,
429,2013-09-26,"1700 North Pulaski Road, Chicago, IL 60639, USA",CULEX PIPIENS/RESTUANS,17, N PULASKI RD,T039,"1700  N PULASKI RD, Chicago, IL",41.911824,-87.726737,9,8,0,
430,2013-09-26,"2200 West 51st Street, Chicago, IL 60609, USA",CULEX PIPIENS,22, W 51ST ST,T061,"2200  W 51ST ST, Chicago, IL",41.801179,-87.679447,8,9,0,
431,2013-09-26,"3500 West 51st Street, Chicago, IL 60632, USA",CULEX PIPIENS,35, W 51ST ST,T062,"3500  W 51ST ST, Chicago, IL",41.800737,-87.71188,8,7,0,
432,2013-09-26,"6700 South Kedzie Avenue, Chicago, IL 60629, USA",CULEX PIPIENS,67, S KEDZIE AVE,T066,"6700  S KEDZIE AVE, Chicago, IL",41.77166,-87.703047,8,6,0,
433,2013-09-26,"2200 West 69th Street, Chicago, IL 60636, USA",CULEX PIPIENS,22, W 69TH ST,T069,"2200  W 69TH ST, Chicago, IL",41.768388,-87.678649,8,6,0,
434,2013-09-26,"1000 East 67th Street, Chicago, IL 60637, USA",CULEX PIPIENS,10, E 67TH ST,T073,"1000  E 67TH ST, Chicago, IL",41.773215,-87.60088,8,1,0,
435,2013-09-26,"3900 South Ashland Avenue, Chicago, IL 60609, USA",CULEX PIPIENS,39, S ASHLAND AVE,T074,"3900  S ASHLAND AVE, Chicago, IL",41.822536,-87.666343,9,5,0,
436,2013-09-26,"7100 South South Shore Drive, Chicago, IL 60649, USA",CULEX PIPIENS/RESTUANS,71, S SOUTH SHORE DR,T079,"7100  S SOUTH SHORE DR, Chicago, IL",41.766202,-87.562889,9,1,0,
437,2013-09-26,"5000 South Union Avenue, Chicago, IL 60609, USA",CULEX PIPIENS/RESTUANS,50, S UNION AVE,T082,"5000  S UNION AVE, Chicago, IL",41.803423,-87.642984,8,2,0,
438,2013-09-26,"5000 South Union Avenue, Chicago, IL 60609, USA",CULEX RESTUANS,50, S UNION AVE,T082,"5000  S UNION AVE, Chicago, IL",41.803423,-87.642984,8,2,0,
439,2013-09-26,"7900 South South Chicago Avenue, Chicago, IL 60617, USA",CULEX PIPIENS/RESTUANS,79, S CHICAGO AVE,T083,"7900  S CHICAGO AVE, Chicago, IL",41.754292,-87.590773,9,2,0,
440,2013-09-26,"5200 South Kolmar Avenue, Chicago, IL 60632, USA",CULEX PIPIENS/RESTUANS,52, S KOLMAR,T114,"5200  S KOLMAR, Chicago, IL",41.798697,-87.736812,8,2,0,
441,2013-09-26,"5200 South Kolmar Avenue, Chicago, IL 60632, USA",CULEX PIPIENS,52, S KOLMAR,T114,"5200  S KOLMAR, Chicago, IL",41.798697,-87.736812,8,2,0,
442,2013-09-26,"6300 West 64th Street, Chicago, IL 60638, USA",CULEX PIPIENS/RESTUANS,63, W 64TH ST,T155,"6300  W 64TH ST, Chicago, IL",41.776156,-87.778927,9,4,1,
443,2013-09-26,"3700 South Pulaski Road, Chicago, IL 60623, USA",CULEX PIPIENS,37, S PULASKI RD,T063,"3700  S PULASKI RD, Chicago, IL",41.82561,-87.726549,9,12,0,
444,2013-09-26,"South Doty Avenue, Chicago, IL, USA",CULEX PIPIENS/RESTUANS,12, S DOTY AVE,T115,"1200  S DOTY AVE, Chicago, IL",41.673408,-87.599862,5,5,0,
445,2013-09-26,"South Doty Avenue, Chicago, IL, USA",CULEX PIPIENS,12, S DOTY AVE,T115,"1200  S DOTY AVE, Chicago, IL",41.673408,-87.599862,5,2,0,
446,2013-09-26,"South Stony Island Avenue, Chicago, IL, USA",CULEX PIPIENS/RESTUANS,10, S STONY ISLAND AVE,T138,"1000  S STONY ISLAND AVE, Chicago, IL",41.726465,-87.585413,5,4,0,
447,2013-09-26,"South Stony Island Avenue, Chicago, IL, USA",CULEX PIPIENS,10, S STONY ISLAND AVE,T138,"1000  S STONY ISLAND AVE, Chicago, IL",41.726465,-87.585413,5,6,0,
448,2013-09-26,"South Brandon Avenue, Chicago, IL 60617, USA",CULEX PIPIENS/RESTUANS,13, S BRANDON,T209,"1300  S BRANDON, Chicago, IL",41.740641,-87.546587,5,11,0,
449,2013-09-26,"South Brandon Avenue, Chicago, IL 60617, USA",CULEX RESTUANS,13, S BRANDON,T209,"1300  S BRANDON, Chicago, IL",41.740641,-87.546587,5,1,0,
450,2013-09-26,"South Brandon Avenue, Chicago, IL 60617, USA",CULEX PIPIENS,13, S BRANDON,T209,"1300  S BRANDON, Chicago, IL",41.740641,-87.546587,5,6,0,
451,2013-09-26,"3700 118th Street, Chicago, IL 60617, USA",CULEX PIPIENS/RESTUANS,37, E 118TH ST,T212,"3700  E 118TH ST, Chicago, IL",41.680946,-87.535198,8,1,0,
452,2013-09-26,"3700 118th Street, Chicago, IL 60617, USA",CULEX PIPIENS,37, E 118TH ST,T212,"3700  E 118TH ST, Chicago, IL",41.680946,-87.535198,8,2,0,
453,2013-09-26,"2400 East 105th Street, Chicago, IL 60617, USA",CULEX PIPIENS/RESTUANS,24, E 105TH ST,T128,"2400  E 105TH ST, Chicago, IL",41.704572,-87.565666,8,5,0,
454,2013-09-26,"2400 East 105th Street, Chicago, IL 60617, USA",CULEX PIPIENS,24, E 105TH ST,T128,"2400  E 105TH ST, Chicago, IL",41.704572,-87.565666,8,6,0,
455,2013-09-26,"8900 South Muskegon Avenue, Chicago, IL 60617, USA",CULEX PIPIENS/RESTUANS,89, S MUSKEGON AVE,T099,"8900  S MUSKEGON AVE, Chicago, IL",41.733643,-87.55551,8,5,0,
456,2013-09-26,"South Cottage Grove Avenue, Chicago, IL, USA",CULEX PIPIENS/RESTUANS,10, S COTTAGE GROVE,T102,"1000  S COTTAGE GROVE, Chicago, IL",41.750498,-87.605294,5,2,0,
457,2013-09-26,"South Cottage Grove Avenue, Chicago, IL, USA",CULEX RESTUANS,10, S COTTAGE GROVE,T102,"1000  S COTTAGE GROVE, Chicago, IL",41.750498,-87.605294,5,1,0,
458,2013-09-26,"South Cottage Grove Avenue, Chicago, IL, USA",CULEX PIPIENS,10, S COTTAGE GROVE,T102,"1000  S COTTAGE GROVE, Chicago, IL",41.750498,-87.605294,5,1,0,
459,2013-09-26,"5800 North Pulaski Road, Chicago, IL 60646, USA",CULEX PIPIENS,58, N PULASKI RD,T027,"5800  N PULASKI RD, Chicago, IL",41.984809,-87.728492,8,5,0,
460,2013-09-26,"4000 East 130th Street, Chicago, IL 60633, USA",CULEX PIPIENS/RESTUANS,40, E 130TH ST,T221,"4000  E 130TH ST, Chicago, IL",41.659112,-87.538693,8,5,0,
461,2013-09-26,"4000 East 130th Street, Chicago, IL 60633, USA",CULEX RESTUANS,40, E 130TH ST,T221,"4000  E 130TH ST, Chicago, IL",41.659112,-87.538693,8,5,0,
462,2013-09-26,"4000 East 130th Street, Chicago, IL 60633, USA",CULEX PIPIENS,40, E 130TH ST,T221,"4000  E 130TH ST, Chicago, IL",41.659112,-87.538693,8,4,0,
463,2013-09-26,"9100 West Higgins Road, Rosemont, IL 60018, USA",CULEX RESTUANS,91, W HIGGINS RD,T009,"9100  W HIGGINS RD, Chicago, IL",41.992478,-87.862995,8,1,0,
464,2013-09-26,"ORD Terminal 5, O'Hare International Airport, Chicago, IL 60666, USA",CULEX PIPIENS/RESTUANS,10, W OHARE AIRPORT,T900,"1000  W OHARE AIRPORT, Chicago, IL",41.974689,-87.890615,9,39,1,
465,2013-09-26,"ORD Terminal 5, O'Hare International Airport, Chicago, IL 60666, USA",CULEX PIPIENS/RESTUANS,10, W OHARE AIRPORT,T900,"1000  W OHARE AIRPORT, Chicago, IL",41.974689,-87.890615,9,4,0,
466,2013-09-26,"ORD Terminal 5, O'Hare International Airport, Chicago, IL 60666, USA",CULEX PIPIENS,10, W OHARE AIRPORT,T900,"1000  W OHARE AIRPORT, Chicago, IL",41.974689,-87.890615,9,16,0,
467,2013-09-26,"ORD Terminal 5, O'Hare International Airport, Chicago, IL 60666, USA",CULEX PIPIENS,10, W OHARE AIRPORT,T900,"1000  W OHARE AIRPORT, Chicago, IL",41.974689,-87.890615,9,9,0,
468,2013-09-26,"ORD Terminal 5, O'Hare International Airport, Chicago, IL 60666, USA",CULEX PIPIENS,10, W OHARE AIRPORT,T900,"1000  W OHARE AIRPORT, Chicago, IL",41.974689,-87.890615,9,11,0,
469,2013-09-26,"ORD Terminal 5, O'Hare International Airport, Chicago, IL 60666, USA",CULEX PIPIENS,10, W OHARE AIRPORT,T900,"1000  W OHARE AIRPORT, Chicago, IL",41.974689,-87.890615,9,1,0,
470,2013-09-26,"4800 West Montana Street, Chicago, IL 60639, USA",CULEX PIPIENS/RESTUANS,48, W MONTANA ST,T222,"4800  W MONTANA ST, Chicago, IL",41.925198,-87.746381,8,1,0,
471,2013-09-26,"5100 North Mont Clare Avenue, Chicago, IL 60656, USA",CULEX PIPIENS/RESTUANS,51, N MONT CLARE AVE,T223,"5100  N MONT CLARE AVE, Chicago, IL",41.973845,-87.805059,9,11,0,
472,2013-09-26,"5100 North Mont Clare Avenue, Chicago, IL 60656, USA",CULEX PIPIENS,51, N MONT CLARE AVE,T223,"5100  N MONT CLARE AVE, Chicago, IL",41.973845,-87.805059,9,1,0,
473,2013-09-26,"8200 South Kostner Avenue, Chicago, IL 60652, USA",CULEX PIPIENS/RESTUANS,82, S KOSTNER AVE,T225,"8200  S KOSTNER AVE, Chicago, IL",41.743402,-87.731435,8,3,0,
474,2013-09-26,"East 91st Place, Chicago, IL, USA",CULEX PIPIENS/RESTUANS,65, E 91ST PL,T227,"6500  E 91ST PL, Chicago, IL",41.728495,-87.600963,5,7,0,
475,2013-09-26,"East 91st Place, Chicago, IL, USA",CULEX PIPIENS,65, E 91ST PL,T227,"6500  E 91ST PL, Chicago, IL",41.728495,-87.600963,5,1,0,
476,2013-09-26,"1700 West Addison Street, Chicago, IL 60613, USA",CULEX PIPIENS/RESTUANS,17, W ADDISON ST,T224,"1700  W ADDISON ST, Chicago, IL",41.947227,-87.671457,9,3,0,
477,2013-09-26,"West Garfield Boulevard, Chicago, IL, USA",CULEX PIPIENS/RESTUANS,90, W GARFIELD BLVD,T226,"9000  W GARFIELD BLVD, Chicago, IL",41.793818,-87.654234,5,8,0,
478,2013-09-26,"1300 North Laramie Avenue, Chicago, IL 60651, USA",CULEX PIPIENS/RESTUANS,13, N LARAMIE AVE,T230,"1300  N LARAMIE AVE, Chicago, IL",41.904194,-87.756155,9,13,0,
479,2013-09-26,"1300 North Laramie Avenue, Chicago, IL 60651, USA",CULEX PIPIENS,13, N LARAMIE AVE,T230,"1300  N LARAMIE AVE, Chicago, IL",41.904194,-87.756155,9,5,0,
480,2013-09-26,"3900 North Springfield Avenue, Chicago, IL 60618, USA",CULEX PIPIENS/RESTUANS,39, N SPRINGFIELD AVE,T228,"3900  N SPRINGFIELD AVE, Chicago, IL",41.951866,-87.725057,8,3,0,
481,2013-09-26,"5100 West 72nd Street, Chicago, IL 60638, USA",CULEX PIPIENS/RESTUANS,51, W 72ND ST,T035,"5100  W 72ND ST, Chicago, IL",41.763733,-87.742302,8,6,1,
482,2013-09-26,"5800 North Ridge Avenue, Chicago, IL 60660, USA",CULEX PIPIENS/RESTUANS,58, N RIDGE AVE,T231,"5800  N RIDGE AVE, Chicago, IL",41.98728,-87.666066,8,5,0,
483,2013-09-26,"1700 North Ashland Avenue, Chicago, IL 60622, USA",CULEX PIPIENS/RESTUANS,17, N ASHLAND AVE,T232,"1700  N ASHLAND AVE, Chicago, IL",41.912563,-87.668055,9,1,0,
484,2013-09-26,"7100 North Harlem Avenue, Chicago, IL 60631, USA",CULEX PIPIENS/RESTUANS,71, N HARLEM AVE,T233,"7100  N HARLEM AVE, Chicago, IL",42.009876,-87.807277,9,5,0,Y
485,2013-09-26,"4200 West 65th Street, Chicago, IL 60621, USA",CULEX PIPIENS/RESTUANS,42, W 65TH ST,T235,"4200  W 65TH ST, Chicago, IL",41.776428,-87.627096,8,1,0,
